index,Audiencia,AÃ±o,Cadena,Dia,Mes
0,"15,9%",2019,la1,01,01
1,"14,2%",2019,antena3,01,01
2,"9,1%",2019,telecinco,01,01
3,"5,3%",2019,cuatro,01,01
4,"5,0%",2019,lasexta,01,01
5,"3,8%",2019,13tv,01,01
6,"3,2%",2019,la2,01,01
7,"2,7%",2019,fdf,01,01
8,"2,6%",2019,paramountchannel,01,01
9,"2,3%",2019,energy,01,01
10,"1,8%",2019,divinity,01,01
11,"1,7%",2019,neox,01,01
12,"1,7%",2019,clan,01,01
13,"1,6%",2019,discoverymax,01,01
14,"1,5%",2019,mega-espana,01,01
15,"1,5%",2019,nova,01,01
16,"1,1%",2019,atreseries,01,01
17,"1,0%",2019,disney-channel,01,01
18,"0,9%",2019,boing,01,01
19,"0,8%",2019,bemadtv,01,01
20,"0,7%",2019,canal24horas,01,01
21,"0,6%",2019,dkiss,01,01
22,"0,5%",2019,gol-television,01,01
23,"0,4%",2019,teledeporte,01,01
24,"0,3%",2019,ten,01,01
25,"0,2%",2019,real-madrid-tv,01,01
0,"13,9%",2019,telecinco,02,01
1,"13,0%",2019,antena3,02,01
2,"10,6%",2019,la1,02,01
3,"7,1%",2019,lasexta,02,01
4,"4,8%",2019,cuatro,02,01
5,"3,0%",2019,fdf,02,01
6,"2,6%",2019,neox,02,01
7,"2,6%",2019,nova,02,01
8,"2,3%",2019,la2,02,01
9,"1,9%",2019,13tv,02,01
10,"1,9%",2019,paramountchannel,02,01
11,"1,8%",2019,divinity,02,01
12,"1,6%",2019,discoverymax,02,01
13,"1,5%",2019,energy,02,01
14,"1,5%",2019,mega-espana,02,01
15,"1,3%",2019,clan,02,01
16,"1,1%",2019,atreseries,02,01
17,"1,0%",2019,disney-channel,02,01
18,"0,9%",2019,dkiss,02,01
19,"0,9%",2019,boing,02,01
20,"0,9%",2019,canal24horas,02,01
21,"0,6%",2019,gol-television,02,01
22,"0,6%",2019,bemadtv,02,01
23,"0,4%",2019,teledeporte,02,01
24,"0,2%",2019,ten,02,01
25,"0,2%",2019,real-madrid-tv,02,01
0,"14,4%",2019,antena3,03,01
1,"12,1%",2019,telecinco,03,01
2,"9,8%",2019,la1,03,01
3,"6,5%",2019,lasexta,03,01
4,"4,9%",2019,cuatro,03,01
5,"3,0%",2019,la2,03,01
6,"3,0%",2019,fdf,03,01
7,"2,9%",2019,nova,03,01
8,"2,6%",2019,neox,03,01
9,"2,3%",2019,energy,03,01
10,"2,0%",2019,13tv,03,01
11,"1,9%",2019,divinity,03,01
12,"1,9%",2019,clan,03,01
13,"1,8%",2019,mega-espana,03,01
14,"1,6%",2019,discoverymax,03,01
15,"1,6%",2019,paramountchannel,03,01
16,"1,5%",2019,atreseries,03,01
17,"1,4%",2019,boing,03,01
18,"1,4%",2019,disney-channel,03,01
19,"0,9%",2019,dkiss,03,01
20,"0,7%",2019,gol-television,03,01
21,"0,7%",2019,bemadtv,03,01
22,"0,6%",2019,canal24horas,03,01
23,"0,4%",2019,teledeporte,03,01
24,"0,4%",2019,real-madrid-tv,03,01
25,"0,3%",2019,ten,03,01
0,"14,0%",2019,telecinco,04,01
1,"12,3%",2019,antena3,04,01
2,"9,1%",2019,la1,04,01
3,"7,0%",2019,lasexta,04,01
4,"5,3%",2019,cuatro,04,01
5,"2,9%",2019,la2,04,01
6,"2,7%",2019,neox,04,01
7,"2,7%",2019,nova,04,01
8,"2,6%",2019,energy,04,01
9,"2,5%",2019,fdf,04,01
10,"1,9%",2019,13tv,04,01
11,"1,8%",2019,mega-espana,04,01
12,"1,8%",2019,clan,04,01
13,"1,7%",2019,divinity,04,01
14,"1,7%",2019,paramountchannel,04,01
15,"1,6%",2019,discoverymax,04,01
16,"1,6%",2019,boing,04,01
17,"1,5%",2019,disney-channel,04,01
18,"1,4%",2019,atreseries,04,01
19,"1,2%",2019,dkiss,04,01
20,"0,9%",2019,gol-television,04,01
21,"0,7%",2019,bemadtv,04,01
22,"0,6%",2019,canal24horas,04,01
23,"0,4%",2019,ten,04,01
24,"0,3%",2019,teledeporte,04,01
25,"0,2%",2019,real-madrid-tv,04,01
0,"11,4%",2019,antena3,05,01
1,"10,6%",2019,telecinco,05,01
2,"10,1%",2019,la1,05,01
3,"6,3%",2019,lasexta,05,01
4,"5,3%",2019,cuatro,05,01
5,"3,2%",2019,fdf,05,01
6,"3,1%",2019,energy,05,01
7,"2,6%",2019,la2,05,01
8,"2,4%",2019,neox,05,01
9,"2,2%",2019,paramountchannel,05,01
10,"2,1%",2019,clan,05,01
11,"2,0%",2019,13tv,05,01
12,"1,9%",2019,discoverymax,05,01
13,"1,8%",2019,divinity,05,01
14,"1,6%",2019,mega-espana,05,01
15,"1,6%",2019,nova,05,01
16,"1,4%",2019,disney-channel,05,01
17,"1,3%",2019,atreseries,05,01
18,"1,2%",2019,boing,05,01
19,"1,0%",2019,gol-television,05,01
20,"0,9%",2019,dkiss,05,01
21,"0,8%",2019,canal24horas,05,01
22,"0,8%",2019,bemadtv,05,01
23,"0,3%",2019,teledeporte,05,01
24,"0,3%",2019,ten,05,01
25,"0,2%",2019,real-madrid-tv,05,01
0,"12,4%",2019,la1,06,01
1,"11,1%",2019,antena3,06,01
2,"9,5%",2019,telecinco,06,01
3,"6,2%",2019,cuatro,06,01
4,"4,7%",2019,lasexta,06,01
5,"3,2%",2019,la2,06,01
6,"3,0%",2019,13tv,06,01
7,"2,6%",2019,energy,06,01
8,"2,4%",2019,fdf,06,01
9,"2,2%",2019,mega-espana,06,01
10,"1,9%",2019,discoverymax,06,01
11,"1,9%",2019,neox,06,01
12,"1,9%",2019,paramountchannel,06,01
13,"1,7%",2019,nova,06,01
14,"1,7%",2019,divinity,06,01
15,"1,4%",2019,clan,06,01
16,"1,3%",2019,atreseries,06,01
17,"1,3%",2019,gol-television,06,01
18,"1,1%",2019,disney-channel,06,01
19,"0,9%",2019,bemadtv,06,01
20,"0,8%",2019,dkiss,06,01
21,"0,8%",2019,boing,06,01
22,"0,8%",2019,canal24horas,06,01
23,"0,5%",2019,teledeporte,06,01
24,"0,4%",2019,real-madrid-tv,06,01
25,"0,3%",2019,ten,06,01
0,"15,3%",2019,antena3,07,01
1,"13,5%",2019,telecinco,07,01
2,"8,7%",2019,la1,07,01
3,"7,2%",2019,lasexta,07,01
4,"5,1%",2019,cuatro,07,01
5,"2,6%",2019,nova,07,01
6,"2,6%",2019,la2,07,01
7,"2,5%",2019,energy,07,01
8,"2,5%",2019,fdf,07,01
9,"2,1%",2019,neox,07,01
10,"2,1%",2019,13tv,07,01
11,"2,0%",2019,paramountchannel,07,01
12,"1,8%",2019,mega-espana,07,01
13,"1,7%",2019,divinity,07,01
14,"1,5%",2019,clan,07,01
15,"1,5%",2019,gol-television,07,01
16,"1,5%",2019,discoverymax,07,01
17,"1,4%",2019,boing,07,01
18,"1,3%",2019,atreseries,07,01
19,"1,2%",2019,disney-channel,07,01
20,"0,7%",2019,bemadtv,07,01
21,"0,7%",2019,dkiss,07,01
22,"0,5%",2019,canal24horas,07,01
23,"0,5%",2019,teledeporte,07,01
24,"0,3%",2019,ten,07,01
25,"0,2%",2019,real-madrid-tv,07,01
0,"16,7%",2019,telecinco,08,01
1,"15,4%",2019,antena3,08,01
2,"8,6%",2019,la1,08,01
3,"8,2%",2019,lasexta,08,01
4,"4,4%",2019,cuatro,08,01
5,"2,8%",2019,la2,08,01
6,"2,7%",2019,nova,08,01
7,"2,6%",2019,fdf,08,01
8,"2,3%",2019,neox,08,01
9,"2,2%",2019,energy,08,01
10,"2,2%",2019,13tv,08,01
11,"1,6%",2019,divinity,08,01
12,"1,6%",2019,clan,08,01
13,"1,6%",2019,paramountchannel,08,01
14,"1,6%",2019,mega-espana,08,01
15,"1,5%",2019,discoverymax,08,01
16,"1,1%",2019,atreseries,08,01
17,"0,8%",2019,dkiss,08,01
18,"0,8%",2019,boing,08,01
19,"0,8%",2019,canal24horas,08,01
20,"0,7%",2019,disney-channel,08,01
21,"0,6%",2019,gol-television,08,01
22,"0,5%",2019,teledeporte,08,01
23,"0,4%",2019,bemadtv,08,01
24,"0,3%",2019,ten,08,01
25,"0,2%",2019,real-madrid-tv,08,01
0,"15,3%",2019,antena3,09,01
1,"14,1%",2019,telecinco,09,01
2,"8,5%",2019,la1,09,01
3,"8,0%",2019,lasexta,09,01
4,"4,7%",2019,cuatro,09,01
5,"2,7%",2019,nova,09,01
6,"2,6%",2019,la2,09,01
7,"2,5%",2019,energy,09,01
8,"2,5%",2019,fdf,09,01
9,"2,2%",2019,neox,09,01
10,"2,0%",2019,13tv,09,01
11,"1,8%",2019,divinity,09,01
12,"1,7%",2019,mega-espana,09,01
13,"1,7%",2019,clan,09,01
14,"1,7%",2019,discoverymax,09,01
15,"1,6%",2019,paramountchannel,09,01
16,"1,2%",2019,atreseries,09,01
17,"1,0%",2019,boing,09,01
18,"0,9%",2019,dkiss,09,01
19,"0,9%",2019,canal24horas,09,01
20,"0,9%",2019,disney-channel,09,01
21,"0,8%",2019,gol-television,09,01
22,"0,6%",2019,bemadtv,09,01
23,"0,5%",2019,teledeporte,09,01
24,"0,3%",2019,ten,09,01
25,"0,3%",2019,real-madrid-tv,09,01
0,"16,6%",2019,telecinco,10,01
1,"14,9%",2019,antena3,10,01
2,"8,9%",2019,la1,10,01
3,"8,6%",2019,lasexta,10,01
4,"4,0%",2019,cuatro,10,01
5,"2,6%",2019,neox,10,01
6,"2,6%",2019,fdf,10,01
7,"2,6%",2019,la2,10,01
8,"2,5%",2019,nova,10,01
9,"2,0%",2019,energy,10,01
10,"1,8%",2019,13tv,10,01
11,"1,7%",2019,discoverymax,10,01
12,"1,7%",2019,paramountchannel,10,01
13,"1,6%",2019,mega-espana,10,01
14,"1,5%",2019,gol-television,10,01
15,"1,5%",2019,divinity,10,01
16,"1,4%",2019,clan,10,01
17,"1,3%",2019,atreseries,10,01
18,"1,0%",2019,boing,10,01
19,"0,9%",2019,disney-channel,10,01
20,"0,7%",2019,dkiss,10,01
21,"0,6%",2019,canal24horas,10,01
22,"0,4%",2019,teledeporte,10,01
23,"0,4%",2019,bemadtv,10,01
24,"0,3%",2019,ten,10,01
25,"0,2%",2019,real-madrid-tv,10,01
0,"14,5%",2019,telecinco,11,01
1,"14,0%",2019,antena3,11,01
2,"9,1%",2019,la1,11,01
3,"8,3%",2019,lasexta,11,01
4,"4,3%",2019,cuatro,11,01
5,"2,7%",2019,neox,11,01
6,"2,6%",2019,la2,11,01
7,"2,5%",2019,energy,11,01
8,"2,4%",2019,nova,11,01
9,"2,3%",2019,fdf,11,01
10,"2,2%",2019,13tv,11,01
11,"2,0%",2019,divinity,11,01
12,"1,7%",2019,discoverymax,11,01
13,"1,6%",2019,clan,11,01
14,"1,4%",2019,mega-espana,11,01
15,"1,4%",2019,paramountchannel,11,01
16,"1,3%",2019,atreseries,11,01
17,"1,2%",2019,boing,11,01
18,"1,1%",2019,disney-channel,11,01
19,"1,0%",2019,gol-television,11,01
20,"0,7%",2019,bemadtv,11,01
21,"0,7%",2019,dkiss,11,01
22,"0,6%",2019,canal24horas,11,01
23,"0,6%",2019,teledeporte,11,01
24,"0,3%",2019,ten,11,01
25,"0,2%",2019,real-madrid-tv,11,01
0,"11,6%",2019,telecinco,12,01
1,"11,1%",2019,antena3,12,01
2,"9,4%",2019,la1,12,01
3,"6,7%",2019,cuatro,12,01
4,"6,4%",2019,lasexta,12,01
5,"3,0%",2019,la2,12,01
6,"2,9%",2019,fdf,12,01
7,"2,9%",2019,neox,12,01
8,"2,7%",2019,energy,12,01
9,"2,1%",2019,clan,12,01
10,"2,0%",2019,13tv,12,01
11,"1,9%",2019,paramountchannel,12,01
12,"1,7%",2019,divinity,12,01
13,"1,6%",2019,atreseries,12,01
14,"1,6%",2019,nova,12,01
15,"1,6%",2019,discoverymax,12,01
16,"1,5%",2019,mega-espana,12,01
17,"1,4%",2019,boing,12,01
18,"1,3%",2019,disney-channel,12,01
19,"1,0%",2019,gol-television,12,01
20,"0,8%",2019,canal24horas,12,01
21,"0,7%",2019,bemadtv,12,01
22,"0,7%",2019,dkiss,12,01
23,"0,5%",2019,teledeporte,12,01
24,"0,4%",2019,ten,12,01
25,"0,3%",2019,real-madrid-tv,12,01
0,"11,3%",2019,la1,13,01
1,"11,0%",2019,telecinco,13,01
2,"10,9%",2019,antena3,13,01
3,"7,0%",2019,cuatro,13,01
4,"5,8%",2019,lasexta,13,01
5,"2,9%",2019,fdf,13,01
6,"2,9%",2019,neox,13,01
7,"2,9%",2019,la2,13,01
8,"2,8%",2019,energy,13,01
9,"2,4%",2019,13tv,13,01
10,"1,8%",2019,paramountchannel,13,01
11,"1,7%",2019,clan,13,01
12,"1,7%",2019,divinity,13,01
13,"1,7%",2019,discoverymax,13,01
14,"1,6%",2019,nova,13,01
15,"1,5%",2019,mega-espana,13,01
16,"1,1%",2019,atreseries,13,01
17,"1,0%",2019,disney-channel,13,01
18,"1,0%",2019,gol-television,13,01
19,"1,0%",2019,boing,13,01
20,"0,8%",2019,canal24horas,13,01
21,"0,8%",2019,teledeporte,13,01
22,"0,7%",2019,bemadtv,13,01
23,"0,7%",2019,dkiss,13,01
24,"0,5%",2019,real-madrid-tv,13,01
25,"0,2%",2019,ten,13,01
0,"15,6%",2019,antena3,14,01
1,"15,1%",2019,telecinco,14,01
2,"9,8%",2019,la1,14,01
3,"7,9%",2019,lasexta,14,01
4,"4,6%",2019,cuatro,14,01
5,"2,7%",2019,nova,14,01
6,"2,7%",2019,la2,14,01
7,"2,5%",2019,fdf,14,01
8,"2,2%",2019,neox,14,01
9,"2,2%",2019,energy,14,01
10,"2,1%",2019,13tv,14,01
11,"1,8%",2019,divinity,14,01
12,"1,6%",2019,mega-espana,14,01
13,"1,5%",2019,clan,14,01
14,"1,5%",2019,paramountchannel,14,01
15,"1,5%",2019,discoverymax,14,01
16,"1,3%",2019,gol-television,14,01
17,"1,2%",2019,atreseries,14,01
18,"1,0%",2019,boing,14,01
19,"0,8%",2019,disney-channel,14,01
20,"0,8%",2019,canal24horas,14,01
21,"0,7%",2019,dkiss,14,01
22,"0,7%",2019,teledeporte,14,01
23,"0,6%",2019,bemadtv,14,01
24,"0,3%",2019,ten,14,01
25,"0,3%",2019,real-madrid-tv,14,01
0,"16,1%",2019,telecinco,15,01
1,"15,1%",2019,antena3,15,01
2,"8,9%",2019,la1,15,01
3,"7,9%",2019,lasexta,15,01
4,"5,5%",2019,cuatro,15,01
5,"2,6%",2019,fdf,15,01
6,"2,4%",2019,nova,15,01
7,"2,4%",2019,la2,15,01
8,"2,3%",2019,neox,15,01
9,"2,2%",2019,13tv,15,01
10,"2,0%",2019,energy,15,01
11,"1,7%",2019,divinity,15,01
12,"1,6%",2019,discoverymax,15,01
13,"1,6%",2019,mega-espana,15,01
14,"1,4%",2019,clan,15,01
15,"1,4%",2019,paramountchannel,15,01
16,"1,2%",2019,atreseries,15,01
17,"1,1%",2019,canal24horas,15,01
18,"0,9%",2019,disney-channel,15,01
19,"0,9%",2019,boing,15,01
20,"0,8%",2019,dkiss,15,01
21,"0,6%",2019,gol-television,15,01
22,"0,6%",2019,teledeporte,15,01
23,"0,5%",2019,bemadtv,15,01
24,"0,4%",2019,ten,15,01
25,"0,2%",2019,real-madrid-tv,15,01
0,"14,3%",2019,telecinco,16,01
1,"14,3%",2019,antena3,16,01
2,"9,9%",2019,la1,16,01
3,"7,6%",2019,lasexta,16,01
4,"4,2%",2019,cuatro,16,01
5,"2,9%",2019,la2,16,01
6,"2,6%",2019,fdf,16,01
7,"2,5%",2019,neox,16,01
8,"2,3%",2019,nova,16,01
9,"2,3%",2019,energy,16,01
10,"2,0%",2019,13tv,16,01
11,"1,7%",2019,paramountchannel,16,01
12,"1,6%",2019,clan,16,01
13,"1,6%",2019,divinity,16,01
14,"1,5%",2019,mega-espana,16,01
15,"1,5%",2019,discoverymax,16,01
16,"1,3%",2019,atreseries,16,01
17,"1,2%",2019,canal24horas,16,01
18,"1,0%",2019,boing,16,01
19,"0,9%",2019,gol-television,16,01
20,"0,8%",2019,dkiss,16,01
21,"0,8%",2019,disney-channel,16,01
22,"0,8%",2019,teledeporte,16,01
23,"0,6%",2019,bemadtv,16,01
24,"0,4%",2019,ten,16,01
25,"0,3%",2019,real-madrid-tv,16,01
0,"16,9%",2019,telecinco,17,01
1,"13,8%",2019,antena3,17,01
2,"9,2%",2019,la1,17,01
3,"7,6%",2019,lasexta,17,01
4,"4,0%",2019,cuatro,17,01
5,"2,8%",2019,fdf,17,01
6,"2,7%",2019,neox,17,01
7,"2,6%",2019,la2,17,01
8,"2,3%",2019,nova,17,01
9,"2,1%",2019,13tv,17,01
10,"2,0%",2019,energy,17,01
11,"1,7%",2019,divinity,17,01
12,"1,7%",2019,clan,17,01
13,"1,6%",2019,mega-espana,17,01
14,"1,5%",2019,paramountchannel,17,01
15,"1,5%",2019,gol-television,17,01
16,"1,5%",2019,atreseries,17,01
17,"1,5%",2019,discoverymax,17,01
18,"0,9%",2019,dkiss,17,01
19,"0,9%",2019,boing,17,01
20,"0,9%",2019,canal24horas,17,01
21,"0,9%",2019,disney-channel,17,01
22,"0,7%",2019,teledeporte,17,01
23,"0,4%",2019,ten,17,01
24,"0,4%",2019,bemadtv,17,01
25,"0,1%",2019,real-madrid-tv,17,01
0,"15,4%",2019,telecinco,18,01
1,"15,0%",2019,antena3,18,01
2,"8,5%",2019,la1,18,01
3,"7,3%",2019,lasexta,18,01
4,"4,8%",2019,cuatro,18,01
5,"2,8%",2019,fdf,18,01
6,"2,4%",2019,la2,18,01
7,"2,3%",2019,neox,18,01
8,"2,2%",2019,nova,18,01
9,"2,1%",2019,energy,18,01
10,"1,9%",2019,clan,18,01
11,"1,8%",2019,discoverymax,18,01
12,"1,6%",2019,13tv,18,01
13,"1,6%",2019,divinity,18,01
14,"1,6%",2019,paramountchannel,18,01
15,"1,5%",2019,atreseries,18,01
16,"1,4%",2019,gol-television,18,01
17,"1,3%",2019,mega-espana,18,01
18,"1,2%",2019,boing,18,01
19,"1,1%",2019,disney-channel,18,01
20,"0,9%",2019,canal24horas,18,01
21,"0,7%",2019,bemadtv,18,01
22,"0,7%",2019,dkiss,18,01
23,"0,3%",2019,ten,18,01
24,"0,2%",2019,teledeporte,18,01
25,"0,2%",2019,real-madrid-tv,18,01
0,"12,5%",2019,antena3,19,01
1,"12,1%",2019,telecinco,19,01
2,"9,1%",2019,la1,19,01
3,"6,8%",2019,lasexta,19,01
4,"5,9%",2019,cuatro,19,01
5,"2,7%",2019,fdf,19,01
6,"2,6%",2019,la2,19,01
7,"2,4%",2019,energy,19,01
8,"2,1%",2019,neox,19,01
9,"1,9%",2019,clan,19,01
10,"1,8%",2019,13tv,19,01
11,"1,8%",2019,divinity,19,01
12,"1,6%",2019,nova,19,01
13,"1,6%",2019,paramountchannel,19,01
14,"1,5%",2019,atreseries,19,01
15,"1,5%",2019,discoverymax,19,01
16,"1,4%",2019,disney-channel,19,01
17,"1,4%",2019,canal24horas,19,01
18,"1,4%",2019,boing,19,01
19,"1,0%",2019,mega-espana,19,01
20,"1,0%",2019,gol-television,19,01
21,"0,9%",2019,dkiss,19,01
22,"0,7%",2019,bemadtv,19,01
23,"0,6%",2019,teledeporte,19,01
24,"0,5%",2019,real-madrid-tv,19,01
25,"0,4%",2019,ten,19,01
0,"12,9%",2019,antena3,20,01
1,"12,3%",2019,telecinco,20,01
2,"9,8%",2019,la1,20,01
3,"6,5%",2019,cuatro,20,01
4,"5,8%",2019,lasexta,20,01
5,"2,8%",2019,la2,20,01
6,"2,6%",2019,energy,20,01
7,"2,5%",2019,fdf,20,01
8,"2,5%",2019,13tv,20,01
9,"1,9%",2019,paramountchannel,20,01
10,"1,8%",2019,neox,20,01
11,"1,7%",2019,nova,20,01
12,"1,7%",2019,clan,20,01
13,"1,6%",2019,divinity,20,01
14,"1,5%",2019,discoverymax,20,01
15,"1,5%",2019,mega-espana,20,01
16,"1,4%",2019,canal24horas,20,01
17,"1,2%",2019,atreseries,20,01
18,"1,0%",2019,boing,20,01
19,"1,0%",2019,disney-channel,20,01
20,"0,8%",2019,gol-television,20,01
21,"0,8%",2019,bemadtv,20,01
22,"0,7%",2019,dkiss,20,01
23,"0,5%",2019,teledeporte,20,01
24,"0,4%",2019,real-madrid-tv,20,01
25,"0,3%",2019,ten,20,01
0,"15,5%",2019,antena3,21,01
1,"14,4%",2019,telecinco,21,01
2,"8,9%",2019,la1,21,01
3,"8,6%",2019,lasexta,21,01
4,"5,3%",2019,cuatro,21,01
5,"2,7%",2019,nova,21,01
6,"2,6%",2019,fdf,21,01
7,"2,6%",2019,la2,21,01
8,"2,1%",2019,neox,21,01
9,"2,1%",2019,13tv,21,01
10,"1,8%",2019,energy,21,01
11,"1,7%",2019,paramountchannel,21,01
12,"1,6%",2019,clan,21,01
13,"1,5%",2019,discoverymax,21,01
14,"1,5%",2019,mega-espana,21,01
15,"1,4%",2019,divinity,21,01
16,"1,2%",2019,canal24horas,21,01
17,"1,2%",2019,atreseries,21,01
18,"1,0%",2019,disney-channel,21,01
19,"0,9%",2019,gol-television,21,01
20,"0,8%",2019,dkiss,21,01
21,"0,8%",2019,boing,21,01
22,"0,6%",2019,teledeporte,21,01
23,"0,4%",2019,ten,21,01
24,"0,4%",2019,bemadtv,21,01
25,"0,1%",2019,real-madrid-tv,21,01
0,"18,3%",2019,telecinco,22,01
1,"14,9%",2019,antena3,22,01
2,"8,8%",2019,la1,22,01
3,"8,1%",2019,lasexta,22,01
4,"4,6%",2019,cuatro,22,01
5,"2,6%",2019,la2,22,01
6,"2,3%",2019,nova,22,01
7,"2,3%",2019,fdf,22,01
8,"2,0%",2019,energy,22,01
9,"1,9%",2019,13tv,22,01
10,"1,9%",2019,neox,22,01
11,"1,9%",2019,paramountchannel,22,01
12,"1,5%",2019,discoverymax,22,01
13,"1,5%",2019,clan,22,01
14,"1,5%",2019,mega-espana,22,01
15,"1,4%",2019,divinity,22,01
16,"1,1%",2019,canal24horas,22,01
17,"1,1%",2019,atreseries,22,01
18,"0,8%",2019,disney-channel,22,01
19,"0,8%",2019,boing,22,01
20,"0,6%",2019,dkiss,22,01
21,"0,5%",2019,gol-television,22,01
22,"0,4%",2019,teledeporte,22,01
23,"0,4%",2019,bemadtv,22,01
24,"0,3%",2019,ten,22,01
25,"0,2%",2019,real-madrid-tv,22,01
0,"15,3%",2019,telecinco,23,01
1,"14,3%",2019,antena3,23,01
2,"10,5%",2019,la1,23,01
3,"8,3%",2019,lasexta,23,01
4,"4,3%",2019,cuatro,23,01
5,"3,0%",2019,la2,23,01
6,"2,4%",2019,neox,23,01
7,"2,3%",2019,nova,23,01
8,"2,3%",2019,fdf,23,01
9,"2,1%",2019,energy,23,01
10,"1,9%",2019,13tv,23,01
11,"1,9%",2019,paramountchannel,23,01
12,"1,6%",2019,gol-television,23,01
13,"1,5%",2019,clan,23,01
14,"1,5%",2019,discoverymax,23,01
15,"1,4%",2019,mega-espana,23,01
16,"1,4%",2019,divinity,23,01
17,"1,2%",2019,atreseries,23,01
18,"1,1%",2019,canal24horas,23,01
19,"1,0%",2019,boing,23,01
20,"0,8%",2019,disney-channel,23,01
21,"0,7%",2019,dkiss,23,01
22,"0,5%",2019,teledeporte,23,01
23,"0,5%",2019,bemadtv,23,01
24,"0,4%",2019,ten,23,01
25,"0,2%",2019,real-madrid-tv,23,01
0,"18,3%",2019,telecinco,24,01
1,"14,1%",2019,antena3,24,01
2,"9,6%",2019,la1,24,01
3,"8,6%",2019,lasexta,24,01
4,"4,1%",2019,cuatro,24,01
5,"2,3%",2019,neox,24,01
6,"2,1%",2019,fdf,24,01
7,"2,1%",2019,la2,24,01
8,"1,9%",2019,nova,24,01
9,"1,9%",2019,13tv,24,01
10,"1,9%",2019,energy,24,01
11,"1,8%",2019,paramountchannel,24,01
12,"1,6%",2019,clan,24,01
13,"1,4%",2019,discoverymax,24,01
14,"1,3%",2019,mega-espana,24,01
15,"1,2%",2019,canal24horas,24,01
16,"1,1%",2019,atreseries,24,01
17,"1,1%",2019,divinity,24,01
18,"0,8%",2019,disney-channel,24,01
19,"0,8%",2019,boing,24,01
20,"0,6%",2019,dkiss,24,01
21,"0,6%",2019,gol-television,24,01
22,"0,5%",2019,bemadtv,24,01
23,"0,4%",2019,teledeporte,24,01
24,"0,3%",2019,ten,24,01
25,"0,3%",2019,real-madrid-tv,24,01
0,"20,0%",2019,telecinco,25,01
1,"14,5%",2019,antena3,25,01
2,"9,8%",2019,la1,25,01
3,"9,1%",2019,lasexta,25,01
4,"3,9%",2019,cuatro,25,01
5,"2,3%",2019,neox,25,01
6,"2,3%",2019,fdf,25,01
7,"2,0%",2019,energy,25,01
8,"1,9%",2019,la2,25,01
9,"1,9%",2019,nova,25,01
10,"1,7%",2019,canal24horas,25,01
11,"1,5%",2019,clan,25,01
12,"1,5%",2019,13tv,25,01
13,"1,3%",2019,discoverymax,25,01
14,"1,2%",2019,mega-espana,25,01
15,"1,2%",2019,divinity,25,01
16,"1,2%",2019,paramountchannel,25,01
17,"1,1%",2019,atreseries,25,01
18,"1,0%",2019,boing,25,01
19,"0,8%",2019,disney-channel,25,01
20,"0,7%",2019,gol-television,25,01
21,"0,6%",2019,dkiss,25,01
22,"0,5%",2019,bemadtv,25,01
23,"0,4%",2019,teledeporte,25,01
24,"0,3%",2019,ten,25,01
25,"0,2%",2019,real-madrid-tv,25,01
0,"14,7%",2019,telecinco,26,01
1,"12,4%",2019,antena3,26,01
2,"10,7%",2019,la1,26,01
3,"6,6%",2019,lasexta,26,01
4,"5,1%",2019,cuatro,26,01
5,"2,6%",2019,la2,26,01
6,"2,3%",2019,fdf,26,01
7,"2,3%",2019,neox,26,01
8,"2,2%",2019,energy,26,01
9,"1,9%",2019,canal24horas,26,01
10,"1,8%",2019,clan,26,01
11,"1,7%",2019,paramountchannel,26,01
12,"1,6%",2019,divinity,26,01
13,"1,6%",2019,discoverymax,26,01
14,"1,5%",2019,13tv,26,01
15,"1,4%",2019,boing,26,01
16,"1,3%",2019,disney-channel,26,01
17,"1,2%",2019,atreseries,26,01
18,"1,2%",2019,nova,26,01
19,"1,2%",2019,mega-espana,26,01
20,"0,9%",2019,gol-television,26,01
21,"0,8%",2019,bemadtv,26,01
22,"0,8%",2019,dkiss,26,01
23,"0,7%",2019,teledeporte,26,01
24,"0,4%",2019,ten,26,01
25,"0,3%",2019,real-madrid-tv,26,01
0,"11,8%",2019,telecinco,27,01
1,"11,1%",2019,antena3,27,01
2,"10,4%",2019,la1,27,01
3,"6,1%",2019,cuatro,27,01
4,"5,6%",2019,lasexta,27,01
5,"3,1%",2019,la2,27,01
6,"2,6%",2019,fdf,27,01
7,"2,6%",2019,energy,27,01
8,"2,5%",2019,neox,27,01
9,"2,1%",2019,divinity,27,01
10,"1,9%",2019,13tv,27,01
11,"1,9%",2019,paramountchannel,27,01
12,"1,8%",2019,clan,27,01
13,"1,7%",2019,discoverymax,27,01
14,"1,5%",2019,mega-espana,27,01
15,"1,3%",2019,nova,27,01
16,"1,2%",2019,disney-channel,27,01
17,"1,2%",2019,atreseries,27,01
18,"1,2%",2019,boing,27,01
19,"1,0%",2019,canal24horas,27,01
20,"1,0%",2019,gol-television,27,01
21,"0,9%",2019,bemadtv,27,01
22,"0,7%",2019,dkiss,27,01
23,"0,6%",2019,teledeporte,27,01
24,"0,5%",2019,real-madrid-tv,27,01
25,"0,4%",2019,ten,27,01
0,"15,3%",2019,antena3,28,01
1,"15,1%",2019,telecinco,28,01
2,"8,7%",2019,la1,28,01
3,"8,4%",2019,lasexta,28,01
4,"4,5%",2019,cuatro,28,01
5,"2,8%",2019,la2,28,01
6,"2,5%",2019,neox,28,01
7,"2,4%",2019,nova,28,01
8,"2,3%",2019,fdf,28,01
9,"2,1%",2019,energy,28,01
10,"2,1%",2019,13tv,28,01
11,"1,8%",2019,mega-espana,28,01
12,"1,8%",2019,paramountchannel,28,01
13,"1,7%",2019,divinity,28,01
14,"1,6%",2019,clan,28,01
15,"1,3%",2019,discoverymax,28,01
16,"1,3%",2019,gol-television,28,01
17,"1,2%",2019,atreseries,28,01
18,"1,0%",2019,boing,28,01
19,"0,9%",2019,disney-channel,28,01
20,"0,8%",2019,dkiss,28,01
21,"0,8%",2019,canal24horas,28,01
22,"0,6%",2019,bemadtv,28,01
23,"0,3%",2019,teledeporte,28,01
24,"0,3%",2019,ten,28,01
25,"0,2%",2019,real-madrid-tv,28,01
0,"16,5%",2019,telecinco,29,01
1,"15,5%",2019,antena3,29,01
2,"8,6%",2019,la1,29,01
3,"7,7%",2019,lasexta,29,01
4,"4,3%",2019,cuatro,29,01
5,"2,5%",2019,la2,29,01
6,"2,4%",2019,fdf,29,01
7,"2,4%",2019,neox,29,01
8,"2,2%",2019,nova,29,01
9,"2,0%",2019,paramountchannel,29,01
10,"2,0%",2019,energy,29,01
11,"1,9%",2019,13tv,29,01
12,"1,8%",2019,divinity,29,01
13,"1,7%",2019,clan,29,01
14,"1,5%",2019,mega-espana,29,01
15,"1,4%",2019,discoverymax,29,01
16,"1,0%",2019,atreseries,29,01
17,"0,9%",2019,boing,29,01
18,"0,9%",2019,canal24horas,29,01
19,"0,7%",2019,dkiss,29,01
20,"0,7%",2019,gol-television,29,01
21,"0,7%",2019,disney-channel,29,01
22,"0,6%",2019,bemadtv,29,01
23,"0,4%",2019,teledeporte,29,01
24,"0,4%",2019,ten,29,01
25,"0,2%",2019,real-madrid-tv,29,01
0,"14,5%",2019,antena3,30,01
1,"14,1%",2019,telecinco,30,01
2,"10,8%",2019,la1,30,01
3,"7,4%",2019,lasexta,30,01
4,"4,4%",2019,cuatro,30,01
5,"2,8%",2019,la2,30,01
6,"2,6%",2019,neox,30,01
7,"2,6%",2019,fdf,30,01
8,"2,4%",2019,nova,30,01
9,"2,1%",2019,gol-television,30,01
10,"1,9%",2019,paramountchannel,30,01
11,"1,9%",2019,energy,30,01
12,"1,8%",2019,13tv,30,01
13,"1,7%",2019,mega-espana,30,01
14,"1,6%",2019,discoverymax,30,01
15,"1,6%",2019,clan,30,01
16,"1,4%",2019,divinity,30,01
17,"1,3%",2019,atreseries,30,01
18,"1,0%",2019,boing,30,01
19,"0,9%",2019,canal24horas,30,01
20,"0,8%",2019,dkiss,30,01
21,"0,7%",2019,disney-channel,30,01
22,"0,5%",2019,bemadtv,30,01
23,"0,4%",2019,teledeporte,30,01
24,"0,4%",2019,ten,30,01
25,"0,2%",2019,real-madrid-tv,30,01
0,"17,0%",2019,telecinco,31,01
1,"13,2%",2019,antena3,31,01
2,"9,3%",2019,la1,31,01
3,"8,1%",2019,lasexta,31,01
4,"4,3%",2019,cuatro,31,01
5,"2,6%",2019,neox,31,01
6,"2,6%",2019,fdf,31,01
7,"2,4%",2019,la2,31,01
8,"2,2%",2019,nova,31,01
9,"2,1%",2019,energy,31,01
10,"2,0%",2019,13tv,31,01
11,"1,9%",2019,paramountchannel,31,01
12,"1,8%",2019,clan,31,01
13,"1,6%",2019,mega-espana,31,01
14,"1,6%",2019,discoverymax,31,01
15,"1,5%",2019,divinity,31,01
16,"1,1%",2019,atreseries,31,01
17,"0,9%",2019,disney-channel,31,01
18,"0,9%",2019,gol-television,31,01
19,"0,9%",2019,boing,31,01
20,"0,8%",2019,dkiss,31,01
21,"0,8%",2019,canal24horas,31,01
22,"0,5%",2019,bemadtv,31,01
23,"0,4%",2019,teledeporte,31,01
24,"0,4%",2019,ten,31,01
25,"0,4%",2019,real-madrid-tv,31,01
0,"15,3%",2019,antena3,01,02
1,"14,3%",2019,telecinco,01,02
2,"8,6%",2019,la1,01,02
3,"7,9%",2019,lasexta,01,02
4,"4,6%",2019,cuatro,01,02
5,"2,8%",2019,fdf,01,02
6,"2,8%",2019,la2,01,02
7,"2,4%",2019,neox,01,02
8,"2,4%",2019,energy,01,02
9,"2,2%",2019,nova,01,02
10,"1,8%",2019,clan,01,02
11,"1,8%",2019,divinity,01,02
12,"1,8%",2019,paramountchannel,01,02
13,"1,7%",2019,discoverymax,01,02
14,"1,6%",2019,13tv,01,02
15,"1,5%",2019,mega-espana,01,02
16,"1,2%",2019,atreseries,01,02
17,"1,1%",2019,boing,01,02
18,"1,0%",2019,disney-channel,01,02
19,"1,0%",2019,gol-television,01,02
20,"0,9%",2019,canal24horas,01,02
21,"0,8%",2019,dkiss,01,02
22,"0,7%",2019,bemadtv,01,02
23,"0,4%",2019,ten,01,02
24,"0,3%",2019,teledeporte,01,02
25,"0,2%",2019,real-madrid-tv,01,02
0,"15,2%",2019,la1,02,02
1,"10,7%",2019,telecinco,02,02
2,"10,7%",2019,antena3,02,02
3,"5,7%",2019,lasexta,02,02
4,"5,6%",2019,cuatro,02,02
5,"2,6%",2019,fdf,02,02
6,"2,5%",2019,la2,02,02
7,"2,4%",2019,energy,02,02
8,"2,1%",2019,neox,02,02
9,"1,9%",2019,divinity,02,02
10,"1,8%",2019,clan,02,02
11,"1,8%",2019,13tv,02,02
12,"1,7%",2019,gol-television,02,02
13,"1,6%",2019,paramountchannel,02,02
14,"1,5%",2019,discoverymax,02,02
15,"1,4%",2019,atreseries,02,02
16,"1,3%",2019,disney-channel,02,02
17,"1,3%",2019,mega-espana,02,02
18,"1,3%",2019,nova,02,02
19,"1,3%",2019,boing,02,02
20,"1,0%",2019,canal24horas,02,02
21,"0,8%",2019,dkiss,02,02
22,"0,7%",2019,bemadtv,02,02
23,"0,6%",2019,ten,02,02
24,"0,4%",2019,teledeporte,02,02
25,"0,3%",2019,real-madrid-tv,02,02
0,"11,6%",2019,telecinco,03,02
1,"11,3%",2019,antena3,03,02
2,"10,6%",2019,la1,03,02
3,"7,9%",2019,lasexta,03,02
4,"6,2%",2019,cuatro,03,02
5,"2,9%",2019,fdf,03,02
6,"2,7%",2019,la2,03,02
7,"2,5%",2019,energy,03,02
8,"2,1%",2019,divinity,03,02
9,"2,0%",2019,neox,03,02
10,"2,0%",2019,13tv,03,02
11,"1,8%",2019,paramountchannel,03,02
12,"1,7%",2019,discoverymax,03,02
13,"1,7%",2019,clan,03,02
14,"1,5%",2019,mega-espana,03,02
15,"1,4%",2019,nova,03,02
16,"1,3%",2019,disney-channel,03,02
17,"1,1%",2019,boing,03,02
18,"1,0%",2019,atreseries,03,02
19,"0,9%",2019,dkiss,03,02
20,"0,9%",2019,gol-television,03,02
21,"0,8%",2019,canal24horas,03,02
22,"0,8%",2019,bemadtv,03,02
23,"0,6%",2019,real-madrid-tv,03,02
24,"0,5%",2019,ten,03,02
25,"0,4%",2019,teledeporte,03,02
0,"15,5%",2019,telecinco,04,02
1,"15,3%",2019,antena3,04,02
2,"8,7%",2019,la1,04,02
3,"8,3%",2019,lasexta,04,02
4,"4,4%",2019,cuatro,04,02
5,"3,0%",2019,fdf,04,02
6,"2,4%",2019,nova,04,02
7,"2,4%",2019,la2,04,02
8,"2,3%",2019,energy,04,02
9,"2,2%",2019,neox,04,02
10,"2,1%",2019,13tv,04,02
11,"1,9%",2019,paramountchannel,04,02
12,"1,8%",2019,clan,04,02
13,"1,8%",2019,mega-espana,04,02
14,"1,8%",2019,divinity,04,02
15,"1,6%",2019,discoverymax,04,02
16,"1,2%",2019,atreseries,04,02
17,"0,9%",2019,disney-channel,04,02
18,"0,9%",2019,canal24horas,04,02
19,"0,9%",2019,gol-television,04,02
20,"0,9%",2019,boing,04,02
21,"0,7%",2019,dkiss,04,02
22,"0,4%",2019,bemadtv,04,02
23,"0,4%",2019,ten,04,02
24,"0,2%",2019,teledeporte,04,02
25,"0,2%",2019,real-madrid-tv,04,02
0,"16,9%",2019,telecinco,05,02
1,"15,4%",2019,antena3,05,02
2,"8,5%",2019,la1,05,02
3,"7,7%",2019,lasexta,05,02
4,"4,7%",2019,cuatro,05,02
5,"2,9%",2019,fdf,05,02
6,"2,8%",2019,la2,05,02
7,"2,4%",2019,neox,05,02
8,"2,2%",2019,nova,05,02
9,"2,1%",2019,energy,05,02
10,"2,0%",2019,13tv,05,02
11,"2,0%",2019,paramountchannel,05,02
12,"1,9%",2019,divinity,05,02
13,"1,7%",2019,mega-espana,05,02
14,"1,6%",2019,clan,05,02
15,"1,5%",2019,discoverymax,05,02
16,"1,0%",2019,atreseries,05,02
17,"0,9%",2019,canal24horas,05,02
18,"0,8%",2019,dkiss,05,02
19,"0,8%",2019,boing,05,02
20,"0,7%",2019,gol-television,05,02
21,"0,7%",2019,disney-channel,05,02
22,"0,5%",2019,bemadtv,05,02
23,"0,4%",2019,ten,05,02
24,"0,2%",2019,teledeporte,05,02
25,"0,2%",2019,real-madrid-tv,05,02
0,"15,5%",2019,la1,06,02
1,"14,8%",2019,telecinco,06,02
2,"12,2%",2019,antena3,06,02
3,"7,2%",2019,lasexta,06,02
4,"4,0%",2019,cuatro,06,02
5,"2,9%",2019,la2,06,02
6,"2,6%",2019,fdf,06,02
7,"2,4%",2019,neox,06,02
8,"2,2%",2019,gol-television,06,02
9,"2,1%",2019,nova,06,02
10,"2,0%",2019,energy,06,02
11,"1,9%",2019,13tv,06,02
12,"1,8%",2019,paramountchannel,06,02
13,"1,7%",2019,mega-espana,06,02
14,"1,7%",2019,divinity,06,02
15,"1,5%",2019,clan,06,02
16,"1,5%",2019,discoverymax,06,02
17,"1,1%",2019,atreseries,06,02
18,"0,8%",2019,canal24horas,06,02
19,"0,7%",2019,dkiss,06,02
20,"0,7%",2019,boing,06,02
21,"0,7%",2019,disney-channel,06,02
22,"0,6%",2019,bemadtv,06,02
23,"0,5%",2019,ten,06,02
24,"0,3%",2019,teledeporte,06,02
25,"0,3%",2019,real-madrid-tv,06,02
0,"18,1%",2019,telecinco,07,02
1,"13,3%",2019,antena3,07,02
2,"10,8%",2019,la1,07,02
3,"7,6%",2019,lasexta,07,02
4,"4,2%",2019,cuatro,07,02
5,"2,9%",2019,fdf,07,02
6,"2,6%",2019,la2,07,02
7,"2,3%",2019,neox,07,02
8,"2,2%",2019,nova,07,02
9,"1,9%",2019,13tv,07,02
10,"1,8%",2019,paramountchannel,07,02
11,"1,8%",2019,energy,07,02
12,"1,7%",2019,mega-espana,07,02
13,"1,7%",2019,divinity,07,02
14,"1,5%",2019,clan,07,02
15,"1,4%",2019,gol-television,07,02
16,"1,4%",2019,discoverymax,07,02
17,"1,2%",2019,atreseries,07,02
18,"0,9%",2019,boing,07,02
19,"0,8%",2019,dkiss,07,02
20,"0,8%",2019,canal24horas,07,02
21,"0,8%",2019,disney-channel,07,02
22,"0,4%",2019,ten,07,02
23,"0,4%",2019,bemadtv,07,02
24,"0,3%",2019,teledeporte,07,02
25,"0,2%",2019,real-madrid-tv,07,02
0,"16,4%",2019,antena3,08,02
1,"15,3%",2019,telecinco,08,02
2,"9,0%",2019,la1,08,02
3,"7,5%",2019,lasexta,08,02
4,"4,3%",2019,cuatro,08,02
5,"2,8%",2019,fdf,08,02
6,"2,5%",2019,neox,08,02
7,"2,4%",2019,la2,08,02
8,"2,4%",2019,energy,08,02
9,"2,3%",2019,nova,08,02
10,"1,9%",2019,divinity,08,02
11,"1,6%",2019,13tv,08,02
12,"1,6%",2019,paramountchannel,08,02
13,"1,6%",2019,clan,08,02
14,"1,4%",2019,discoverymax,08,02
15,"1,4%",2019,mega-espana,08,02
16,"1,1%",2019,boing,08,02
17,"1,0%",2019,disney-channel,08,02
18,"1,0%",2019,atreseries,08,02
19,"0,9%",2019,dkiss,08,02
20,"0,8%",2019,gol-television,08,02
21,"0,8%",2019,canal24horas,08,02
22,"0,6%",2019,bemadtv,08,02
23,"0,4%",2019,teledeporte,08,02
24,"0,4%",2019,ten,08,02
25,"0,2%",2019,real-madrid-tv,08,02
0,"12,2%",2019,telecinco,09,02
1,"11,8%",2019,antena3,09,02
2,"9,3%",2019,la1,09,02
3,"6,2%",2019,lasexta,09,02
4,"5,4%",2019,cuatro,09,02
5,"2,8%",2019,energy,09,02
6,"2,7%",2019,fdf,09,02
7,"2,7%",2019,la2,09,02
8,"2,2%",2019,neox,09,02
9,"2,1%",2019,clan,09,02
10,"1,8%",2019,discoverymax,09,02
11,"1,7%",2019,13tv,09,02
12,"1,7%",2019,divinity,09,02
13,"1,7%",2019,paramountchannel,09,02
14,"1,6%",2019,mega-espana,09,02
15,"1,5%",2019,nova,09,02
16,"1,4%",2019,gol-television,09,02
17,"1,4%",2019,boing,09,02
18,"1,2%",2019,disney-channel,09,02
19,"1,1%",2019,atreseries,09,02
20,"1,0%",2019,canal24horas,09,02
21,"0,8%",2019,dkiss,09,02
22,"0,7%",2019,bemadtv,09,02
23,"0,5%",2019,real-madrid-tv,09,02
24,"0,4%",2019,teledeporte,09,02
25,"0,4%",2019,ten,09,02
0,"13,0%",2019,telecinco,10,02
1,"10,6%",2019,la1,10,02
2,"10,0%",2019,antena3,10,02
3,"7,2%",2019,lasexta,10,02
4,"6,4%",2019,cuatro,10,02
5,"2,8%",2019,fdf,10,02
6,"2,7%",2019,energy,10,02
7,"2,7%",2019,neox,10,02
8,"2,7%",2019,la2,10,02
9,"2,1%",2019,paramountchannel,10,02
10,"2,0%",2019,13tv,10,02
11,"2,0%",2019,divinity,10,02
12,"1,6%",2019,clan,10,02
13,"1,6%",2019,mega-espana,10,02
14,"1,5%",2019,discoverymax,10,02
15,"1,4%",2019,canal24horas,10,02
16,"1,3%",2019,nova,10,02
17,"1,2%",2019,atreseries,10,02
18,"1,0%",2019,disney-channel,10,02
19,"1,0%",2019,gol-television,10,02
20,"1,0%",2019,boing,10,02
21,"0,9%",2019,bemadtv,10,02
22,"0,8%",2019,dkiss,10,02
23,"0,4%",2019,ten,10,02
24,"0,4%",2019,teledeporte,10,02
25,"0,4%",2019,real-madrid-tv,10,02
0,"14,9%",2019,telecinco,11,02
1,"14,6%",2019,antena3,11,02
2,"8,6%",2019,la1,11,02
3,"8,5%",2019,lasexta,11,02
4,"4,7%",2019,cuatro,11,02
5,"3,0%",2019,fdf,11,02
6,"2,7%",2019,la2,11,02
7,"2,5%",2019,nova,11,02
8,"2,3%",2019,neox,11,02
9,"2,1%",2019,energy,11,02
10,"2,0%",2019,13tv,11,02
11,"2,0%",2019,paramountchannel,11,02
12,"1,9%",2019,divinity,11,02
13,"1,8%",2019,mega-espana,11,02
14,"1,5%",2019,discoverymax,11,02
15,"1,4%",2019,clan,11,02
16,"1,2%",2019,atreseries,11,02
17,"1,1%",2019,gol-television,11,02
18,"1,0%",2019,boing,11,02
19,"0,9%",2019,canal24horas,11,02
20,"0,8%",2019,disney-channel,11,02
21,"0,7%",2019,dkiss,11,02
22,"0,5%",2019,bemadtv,11,02
23,"0,4%",2019,ten,11,02
24,"0,3%",2019,teledeporte,11,02
25,"0,3%",2019,real-madrid-tv,11,02
0,"16,6%",2019,telecinco,12,02
1,"14,3%",2019,antena3,12,02
2,"8,4%",2019,la1,12,02
3,"7,6%",2019,lasexta,12,02
4,"4,7%",2019,cuatro,12,02
5,"2,7%",2019,fdf,12,02
6,"2,4%",2019,la2,12,02
7,"2,4%",2019,neox,12,02
8,"2,4%",2019,nova,12,02
9,"1,9%",2019,13tv,12,02
10,"1,8%",2019,divinity,12,02
11,"1,8%",2019,energy,12,02
12,"1,6%",2019,discoverymax,12,02
13,"1,6%",2019,canal24horas,12,02
14,"1,6%",2019,mega-espana,12,02
15,"1,6%",2019,paramountchannel,12,02
16,"1,4%",2019,clan,12,02
17,"1,1%",2019,atreseries,12,02
18,"0,9%",2019,boing,12,02
19,"0,7%",2019,dkiss,12,02
20,"0,7%",2019,gol-television,12,02
21,"0,7%",2019,disney-channel,12,02
22,"0,5%",2019,ten,12,02
23,"0,5%",2019,bemadtv,12,02
24,"0,3%",2019,teledeporte,12,02
25,"0,3%",2019,real-madrid-tv,12,02
0,"14,5%",2019,telecinco,13,02
1,"13,2%",2019,antena3,13,02
2,"8,9%",2019,la1,13,02
3,"8,3%",2019,lasexta,13,02
4,"4,2%",2019,cuatro,13,02
5,"3,2%",2019,fdf,13,02
6,"2,6%",2019,neox,13,02
7,"2,5%",2019,la2,13,02
8,"2,4%",2019,nova,13,02
9,"2,2%",2019,energy,13,02
10,"2,1%",2019,13tv,13,02
11,"1,9%",2019,divinity,13,02
12,"1,7%",2019,discoverymax,13,02
13,"1,7%",2019,paramountchannel,13,02
14,"1,6%",2019,clan,13,02
15,"1,6%",2019,mega-espana,13,02
16,"1,2%",2019,atreseries,13,02
17,"1,2%",2019,canal24horas,13,02
18,"1,1%",2019,gol-television,13,02
19,"1,0%",2019,boing,13,02
20,"0,9%",2019,dkiss,13,02
21,"0,8%",2019,disney-channel,13,02
22,"0,6%",2019,real-madrid-tv,13,02
23,"0,5%",2019,bemadtv,13,02
24,"0,4%",2019,ten,13,02
25,"0,3%",2019,teledeporte,13,02
0,"17,1%",2019,telecinco,14,02
1,"12,9%",2019,antena3,14,02
2,"7,9%",2019,lasexta,14,02
3,"7,6%",2019,la1,14,02
4,"4,0%",2019,cuatro,14,02
5,"2,7%",2019,fdf,14,02
6,"2,7%",2019,la2,14,02
7,"2,4%",2019,neox,14,02
8,"2,3%",2019,nova,14,02
9,"2,1%",2019,13tv,14,02
10,"2,1%",2019,paramountchannel,14,02
11,"2,1%",2019,energy,14,02
12,"1,8%",2019,divinity,14,02
13,"1,7%",2019,gol-television,14,02
14,"1,6%",2019,mega-espana,14,02
15,"1,5%",2019,discoverymax,14,02
16,"1,4%",2019,clan,14,02
17,"1,4%",2019,canal24horas,14,02
18,"1,1%",2019,atreseries,14,02
19,"0,9%",2019,boing,14,02
20,"0,7%",2019,dkiss,14,02
21,"0,7%",2019,disney-channel,14,02
22,"0,5%",2019,ten,14,02
23,"0,5%",2019,bemadtv,14,02
24,"0,3%",2019,teledeporte,14,02
25,"0,3%",2019,real-madrid-tv,14,02
0,"14,8%",2019,telecinco,15,02
1,"14,4%",2019,antena3,15,02
2,"8,8%",2019,lasexta,15,02
3,"8,4%",2019,la1,15,02
4,"4,4%",2019,cuatro,15,02
5,"2,7%",2019,fdf,15,02
6,"2,6%",2019,energy,15,02
7,"2,5%",2019,la2,15,02
8,"2,5%",2019,neox,15,02
9,"2,1%",2019,nova,15,02
10,"2,0%",2019,paramountchannel,15,02
11,"1,9%",2019,divinity,15,02
12,"1,8%",2019,clan,15,02
13,"1,8%",2019,13tv,15,02
14,"1,4%",2019,discoverymax,15,02
15,"1,3%",2019,mega-espana,15,02
16,"1,2%",2019,atreseries,15,02
17,"1,1%",2019,boing,15,02
18,"1,0%",2019,disney-channel,15,02
19,"0,9%",2019,dkiss,15,02
20,"0,8%",2019,gol-television,15,02
21,"0,8%",2019,canal24horas,15,02
22,"0,6%",2019,ten,15,02
23,"0,5%",2019,bemadtv,15,02
24,"0,3%",2019,real-madrid-tv,15,02
25,"0,2%",2019,teledeporte,15,02
0,"12,4%",2019,telecinco,16,02
1,"10,7%",2019,antena3,16,02
2,"9,0%",2019,la1,16,02
3,"6,8%",2019,lasexta,16,02
4,"5,7%",2019,cuatro,16,02
5,"3,0%",2019,fdf,16,02
6,"2,8%",2019,la2,16,02
7,"2,6%",2019,energy,16,02
8,"2,2%",2019,clan,16,02
9,"2,1%",2019,paramountchannel,16,02
10,"2,1%",2019,neox,16,02
11,"1,8%",2019,divinity,16,02
12,"1,6%",2019,nova,16,02
13,"1,6%",2019,discoverymax,16,02
14,"1,5%",2019,13tv,16,02
15,"1,3%",2019,disney-channel,16,02
16,"1,2%",2019,atreseries,16,02
17,"1,2%",2019,boing,16,02
18,"1,2%",2019,mega-espana,16,02
19,"1,0%",2019,gol-television,16,02
20,"0,9%",2019,canal24horas,16,02
21,"0,8%",2019,bemadtv,16,02
22,"0,8%",2019,dkiss,16,02
23,"0,6%",2019,teledeporte,16,02
24,"0,5%",2019,ten,16,02
25,"0,4%",2019,real-madrid-tv,16,02
0,"12,3%",2019,telecinco,17,02
1,"10,6%",2019,antena3,17,02
2,"9,6%",2019,la1,17,02
3,"6,6%",2019,cuatro,17,02
4,"5,8%",2019,lasexta,17,02
5,"2,9%",2019,la2,17,02
6,"2,8%",2019,energy,17,02
7,"2,8%",2019,fdf,17,02
8,"2,2%",2019,divinity,17,02
9,"2,1%",2019,13tv,17,02
10,"2,1%",2019,neox,17,02
11,"2,1%",2019,paramountchannel,17,02
12,"1,8%",2019,clan,17,02
13,"1,6%",2019,discoverymax,17,02
14,"1,5%",2019,mega-espana,17,02
15,"1,5%",2019,nova,17,02
16,"1,2%",2019,gol-television,17,02
17,"1,2%",2019,atreseries,17,02
18,"1,1%",2019,disney-channel,17,02
19,"1,1%",2019,boing,17,02
20,"0,9%",2019,canal24horas,17,02
21,"0,8%",2019,dkiss,17,02
22,"0,7%",2019,bemadtv,17,02
23,"0,6%",2019,teledeporte,17,02
24,"0,5%",2019,ten,17,02
25,"0,3%",2019,real-madrid-tv,17,02
0,"15,1%",2019,telecinco,18,02
1,"15,0%",2019,antena3,18,02
2,"8,0%",2019,la1,18,02
3,"8,0%",2019,lasexta,18,02
4,"4,5%",2019,cuatro,18,02
5,"3,0%",2019,fdf,18,02
6,"2,5%",2019,la2,18,02
7,"2,4%",2019,neox,18,02
8,"2,4%",2019,energy,18,02
9,"2,3%",2019,nova,18,02
10,"2,1%",2019,13tv,18,02
11,"2,0%",2019,paramountchannel,18,02
12,"1,8%",2019,divinity,18,02
13,"1,7%",2019,mega-espana,18,02
14,"1,7%",2019,clan,18,02
15,"1,6%",2019,discoverymax,18,02
16,"1,5%",2019,gol-television,18,02
17,"1,3%",2019,atreseries,18,02
18,"1,0%",2019,canal24horas,18,02
19,"0,9%",2019,dkiss,18,02
20,"0,9%",2019,boing,18,02
21,"0,8%",2019,disney-channel,18,02
22,"0,5%",2019,bemadtv,18,02
23,"0,4%",2019,ten,18,02
24,"0,3%",2019,teledeporte,18,02
25,"0,2%",2019,real-madrid-tv,18,02
0,"16,3%",2019,telecinco,19,02
1,"15,0%",2019,antena3,19,02
2,"7,7%",2019,la1,19,02
3,"7,5%",2019,lasexta,19,02
4,"3,9%",2019,cuatro,19,02
5,"2,8%",2019,fdf,19,02
6,"2,5%",2019,la2,19,02
7,"2,3%",2019,energy,19,02
8,"2,3%",2019,nova,19,02
9,"2,2%",2019,neox,19,02
10,"2,0%",2019,13tv,19,02
11,"2,0%",2019,divinity,19,02
12,"1,8%",2019,paramountchannel,19,02
13,"1,6%",2019,mega-espana,19,02
14,"1,6%",2019,discoverymax,19,02
15,"1,6%",2019,clan,19,02
16,"1,2%",2019,atreseries,19,02
17,"1,0%",2019,canal24horas,19,02
18,"0,9%",2019,dkiss,19,02
19,"0,8%",2019,boing,19,02
20,"0,8%",2019,gol-television,19,02
21,"0,7%",2019,disney-channel,19,02
22,"0,5%",2019,ten,19,02
23,"0,5%",2019,bemadtv,19,02
24,"0,3%",2019,teledeporte,19,02
25,"0,2%",2019,real-madrid-tv,19,02
0,"14,5%",2019,telecinco,20,02
1,"13,4%",2019,antena3,20,02
2,"9,0%",2019,la1,20,02
3,"7,6%",2019,lasexta,20,02
4,"4,4%",2019,cuatro,20,02
5,"2,9%",2019,la2,20,02
6,"2,7%",2019,fdf,20,02
7,"2,5%",2019,neox,20,02
8,"2,5%",2019,nova,20,02
9,"2,3%",2019,energy,20,02
10,"1,9%",2019,13tv,20,02
11,"1,9%",2019,divinity,20,02
12,"1,8%",2019,paramountchannel,20,02
13,"1,7%",2019,mega-espana,20,02
14,"1,7%",2019,discoverymax,20,02
15,"1,5%",2019,clan,20,02
16,"1,2%",2019,canal24horas,20,02
17,"1,1%",2019,atreseries,20,02
18,"1,0%",2019,gol-television,20,02
19,"0,9%",2019,boing,20,02
20,"0,8%",2019,dkiss,20,02
21,"0,8%",2019,disney-channel,20,02
22,"0,6%",2019,bemadtv,20,02
23,"0,5%",2019,ten,20,02
24,"0,3%",2019,teledeporte,20,02
25,"0,2%",2019,real-madrid-tv,20,02
0,"17,0%",2019,telecinco,21,02
1,"13,5%",2019,antena3,21,02
2,"8,1%",2019,la1,21,02
3,"7,8%",2019,lasexta,21,02
4,"3,9%",2019,cuatro,21,02
5,"2,8%",2019,neox,21,02
6,"2,6%",2019,fdf,21,02
7,"2,4%",2019,nova,21,02
8,"2,3%",2019,gol-television,21,02
9,"2,2%",2019,la2,21,02
10,"2,1%",2019,energy,21,02
11,"2,0%",2019,paramountchannel,21,02
12,"1,8%",2019,divinity,21,02
13,"1,7%",2019,13tv,21,02
14,"1,5%",2019,clan,21,02
15,"1,5%",2019,discoverymax,21,02
16,"1,3%",2019,mega-espana,21,02
17,"1,3%",2019,atreseries,21,02
18,"1,1%",2019,canal24horas,21,02
19,"0,9%",2019,boing,21,02
20,"0,8%",2019,dkiss,21,02
21,"0,8%",2019,disney-channel,21,02
22,"0,5%",2019,bemadtv,21,02
23,"0,3%",2019,ten,21,02
24,"0,2%",2019,teledeporte,21,02
25,"0,2%",2019,real-madrid-tv,21,02
0,"15,6%",2019,telecinco,22,02
1,"14,2%",2019,antena3,22,02
2,"8,5%",2019,la1,22,02
3,"7,7%",2019,lasexta,22,02
4,"4,6%",2019,cuatro,22,02
5,"2,7%",2019,fdf,22,02
6,"2,6%",2019,la2,22,02
7,"2,5%",2019,neox,22,02
8,"2,5%",2019,energy,22,02
9,"2,3%",2019,nova,22,02
10,"2,0%",2019,paramountchannel,22,02
11,"1,9%",2019,divinity,22,02
12,"1,6%",2019,13tv,22,02
13,"1,5%",2019,discoverymax,22,02
14,"1,5%",2019,mega-espana,22,02
15,"1,4%",2019,clan,22,02
16,"1,3%",2019,atreseries,22,02
17,"1,3%",2019,boing,22,02
18,"1,1%",2019,disney-channel,22,02
19,"1,0%",2019,dkiss,22,02
20,"0,9%",2019,gol-television,22,02
21,"0,7%",2019,canal24horas,22,02
22,"0,6%",2019,bemadtv,22,02
23,"0,5%",2019,ten,22,02
24,"0,2%",2019,teledeporte,22,02
25,"0,2%",2019,real-madrid-tv,22,02
0,"12,3%",2019,telecinco,23,02
1,"10,8%",2019,antena3,23,02
2,"8,8%",2019,la1,23,02
3,"6,4%",2019,lasexta,23,02
4,"5,4%",2019,cuatro,23,02
5,"3,1%",2019,fdf,23,02
6,"2,8%",2019,la2,23,02
7,"2,5%",2019,energy,23,02
8,"2,4%",2019,neox,23,02
9,"2,3%",2019,paramountchannel,23,02
10,"2,2%",2019,13tv,23,02
11,"1,9%",2019,clan,23,02
12,"1,8%",2019,discoverymax,23,02
13,"1,6%",2019,divinity,23,02
14,"1,4%",2019,atreseries,23,02
15,"1,3%",2019,disney-channel,23,02
16,"1,3%",2019,mega-espana,23,02
17,"1,3%",2019,nova,23,02
18,"1,3%",2019,gol-television,23,02
19,"1,3%",2019,boing,23,02
20,"1,1%",2019,canal24horas,23,02
21,"0,8%",2019,dkiss,23,02
22,"0,7%",2019,bemadtv,23,02
23,"0,5%",2019,ten,23,02
24,"0,4%",2019,teledeporte,23,02
25,"0,4%",2019,real-madrid-tv,23,02
0,"13,3%",2019,telecinco,24,02
1,"10,4%",2019,antena3,24,02
2,"9,4%",2019,la1,24,02
3,"6,5%",2019,cuatro,24,02
4,"5,6%",2019,lasexta,24,02
5,"2,9%",2019,energy,24,02
6,"2,7%",2019,la2,24,02
7,"2,6%",2019,fdf,24,02
8,"2,4%",2019,neox,24,02
9,"2,3%",2019,13tv,24,02
10,"2,1%",2019,paramountchannel,24,02
11,"1,9%",2019,divinity,24,02
12,"1,8%",2019,discoverymax,24,02
13,"1,7%",2019,mega-espana,24,02
14,"1,6%",2019,atreseries,24,02
15,"1,6%",2019,clan,24,02
16,"1,4%",2019,nova,24,02
17,"1,2%",2019,gol-television,24,02
18,"1,1%",2019,boing,24,02
19,"1,0%",2019,disney-channel,24,02
20,"0,9%",2019,dkiss,24,02
21,"0,9%",2019,canal24horas,24,02
22,"0,8%",2019,bemadtv,24,02
23,"0,5%",2019,teledeporte,24,02
24,"0,4%",2019,ten,24,02
25,"0,4%",2019,real-madrid-tv,24,02
0,"15,7%",2019,telecinco,25,02
1,"15,5%",2019,antena3,25,02
2,"8,1%",2019,la1,25,02
3,"7,8%",2019,lasexta,25,02
4,"4,4%",2019,cuatro,25,02
5,"2,7%",2019,la2,25,02
6,"2,5%",2019,neox,25,02
7,"2,5%",2019,nova,25,02
8,"2,5%",2019,fdf,25,02
9,"2,0%",2019,energy,25,02
10,"1,9%",2019,divinity,25,02
11,"1,9%",2019,paramountchannel,25,02
12,"1,7%",2019,mega-espana,25,02
13,"1,7%",2019,13tv,25,02
14,"1,6%",2019,clan,25,02
15,"1,6%",2019,discoverymax,25,02
16,"1,5%",2019,gol-television,25,02
17,"1,3%",2019,atreseries,25,02
18,"1,0%",2019,boing,25,02
19,"0,9%",2019,dkiss,25,02
20,"0,9%",2019,canal24horas,25,02
21,"0,7%",2019,disney-channel,25,02
22,"0,6%",2019,ten,25,02
23,"0,6%",2019,bemadtv,25,02
24,"0,3%",2019,teledeporte,25,02
25,"0,3%",2019,real-madrid-tv,25,02
0,"17,2%",2019,telecinco,26,02
1,"15,1%",2019,antena3,26,02
2,"7,7%",2019,la1,26,02
3,"7,3%",2019,lasexta,26,02
4,"4,8%",2019,cuatro,26,02
5,"2,7%",2019,la2,26,02
6,"2,3%",2019,neox,26,02
7,"2,3%",2019,fdf,26,02
8,"2,3%",2019,energy,26,02
9,"2,2%",2019,nova,26,02
10,"2,0%",2019,paramountchannel,26,02
11,"1,9%",2019,divinity,26,02
12,"1,8%",2019,13tv,26,02
13,"1,7%",2019,discoverymax,26,02
14,"1,6%",2019,mega-espana,26,02
15,"1,3%",2019,clan,26,02
16,"1,3%",2019,atreseries,26,02
17,"1,1%",2019,canal24horas,26,02
18,"0,9%",2019,boing,26,02
19,"0,8%",2019,gol-television,26,02
20,"0,7%",2019,dkiss,26,02
21,"0,7%",2019,disney-channel,26,02
22,"0,5%",2019,bemadtv,26,02
23,"0,4%",2019,ten,26,02
24,"0,2%",2019,teledeporte,26,02
25,"0,2%",2019,real-madrid-tv,26,02
0,"15,2%",2019,la1,27,02
1,"12,8%",2019,telecinco,27,02
2,"11,8%",2019,antena3,27,02
3,"6,6%",2019,lasexta,27,02
4,"4,0%",2019,cuatro,27,02
5,"2,9%",2019,la2,27,02
6,"2,4%",2019,neox,27,02
7,"2,3%",2019,fdf,27,02
8,"2,2%",2019,gol-television,27,02
9,"2,1%",2019,nova,27,02
10,"2,1%",2019,energy,27,02
11,"1,9%",2019,mega-espana,27,02
12,"1,9%",2019,paramountchannel,27,02
13,"1,8%",2019,canal24horas,27,02
14,"1,8%",2019,divinity,27,02
15,"1,6%",2019,13tv,27,02
16,"1,5%",2019,discoverymax,27,02
17,"1,5%",2019,clan,27,02
18,"1,2%",2019,atreseries,27,02
19,"0,9%",2019,boing,27,02
20,"0,8%",2019,dkiss,27,02
21,"0,6%",2019,disney-channel,27,02
22,"0,5%",2019,teledeporte,27,02
23,"0,5%",2019,ten,27,02
24,"0,5%",2019,bemadtv,27,02
25,"0,3%",2019,real-madrid-tv,27,02
0,"16,9%",2019,telecinco,28,02
1,"12,6%",2019,antena3,28,02
2,"10,1%",2019,la1,28,02
3,"7,5%",2019,lasexta,28,02
4,"3,8%",2019,cuatro,28,02
5,"2,5%",2019,neox,28,02
6,"2,5%",2019,fdf,28,02
7,"2,4%",2019,la2,28,02
8,"2,1%",2019,nova,28,02
9,"2,1%",2019,energy,28,02
10,"2,0%",2019,divinity,28,02
11,"1,8%",2019,gol-television,28,02
12,"1,8%",2019,13tv,28,02
13,"1,7%",2019,paramountchannel,28,02
14,"1,5%",2019,clan,28,02
15,"1,5%",2019,mega-espana,28,02
16,"1,5%",2019,discoverymax,28,02
17,"1,2%",2019,canal24horas,28,02
18,"1,1%",2019,atreseries,28,02
19,"1,0%",2019,boing,28,02
20,"0,8%",2019,dkiss,28,02
21,"0,7%",2019,disney-channel,28,02
22,"0,5%",2019,bemadtv,28,02
23,"0,4%",2019,teledeporte,28,02
24,"0,4%",2019,ten,28,02
25,"0,2%",2019,real-madrid-tv,28,02
0,"14,8%",2019,telecinco,01,03
1,"12,5%",2019,antena3,01,03
2,"8,3%",2019,la1,01,03
3,"7,3%",2019,lasexta,01,03
4,"4,4%",2019,cuatro,01,03
5,"2,7%",2019,la2,01,03
6,"2,5%",2019,fdf,01,03
7,"2,3%",2019,neox,01,03
8,"2,3%",2019,energy,01,03
9,"2,2%",2019,nova,01,03
10,"1,9%",2019,divinity,01,03
11,"1,8%",2019,paramountchannel,01,03
12,"1,8%",2019,clan,01,03
13,"1,6%",2019,mega-espana,01,03
14,"1,5%",2019,13tv,01,03
15,"1,5%",2019,discoverymax,01,03
16,"1,4%",2019,boing,01,03
17,"1,2%",2019,atreseries,01,03
18,"1,1%",2019,gol-television,01,03
19,"1,0%",2019,dkiss,01,03
20,"1,0%",2019,disney-channel,01,03
21,"0,7%",2019,canal24horas,01,03
22,"0,6%",2019,teledeporte,01,03
23,"0,5%",2019,ten,01,03
24,"0,5%",2019,bemadtv,01,03
25,"0,2%",2019,real-madrid-tv,01,03
0,"12,2%",2019,telecinco,02,03
1,"10,9%",2019,antena3,02,03
2,"9,9%",2019,la1,02,03
3,"6,0%",2019,lasexta,02,03
4,"5,5%",2019,cuatro,02,03
5,"2,7%",2019,fdf,02,03
6,"2,6%",2019,la2,02,03
7,"2,6%",2019,energy,02,03
8,"2,3%",2019,neox,02,03
9,"2,2%",2019,paramountchannel,02,03
10,"2,1%",2019,divinity,02,03
11,"1,7%",2019,clan,02,03
12,"1,7%",2019,13tv,02,03
13,"1,6%",2019,mega-espana,02,03
14,"1,5%",2019,discoverymax,02,03
15,"1,4%",2019,nova,02,03
16,"1,3%",2019,boing,02,03
17,"1,2%",2019,disney-channel,02,03
18,"1,2%",2019,atreseries,02,03
19,"1,2%",2019,gol-television,02,03
20,"0,9%",2019,canal24horas,02,03
21,"0,9%",2019,teledeporte,02,03
22,"0,8%",2019,dkiss,02,03
23,"0,5%",2019,ten,02,03
24,"0,5%",2019,bemadtv,02,03
25,"0,5%",2019,real-madrid-tv,02,03
0,"12,4%",2019,telecinco,03,03
1,"10,3%",2019,antena3,03,03
2,"9,2%",2019,la1,03,03
3,"6,4%",2019,lasexta,03,03
4,"6,2%",2019,cuatro,03,03
5,"2,8%",2019,la2,03,03
6,"2,7%",2019,fdf,03,03
7,"2,7%",2019,energy,03,03
8,"2,6%",2019,paramountchannel,03,03
9,"2,2%",2019,divinity,03,03
10,"2,2%",2019,neox,03,03
11,"2,1%",2019,13tv,03,03
12,"1,7%",2019,discoverymax,03,03
13,"1,7%",2019,mega-espana,03,03
14,"1,6%",2019,clan,03,03
15,"1,4%",2019,atreseries,03,03
16,"1,3%",2019,disney-channel,03,03
17,"1,2%",2019,nova,03,03
18,"1,2%",2019,teledeporte,03,03
19,"1,1%",2019,gol-television,03,03
20,"0,9%",2019,boing,03,03
21,"0,8%",2019,bemadtv,03,03
22,"0,8%",2019,dkiss,03,03
23,"0,8%",2019,canal24horas,03,03
24,"0,4%",2019,ten,03,03
25,"0,4%",2019,real-madrid-tv,03,03
0,"15,0%",2019,telecinco,04,03
1,"14,0%",2019,antena3,04,03
2,"8,0%",2019,lasexta,04,03
3,"7,3%",2019,la1,04,03
4,"4,6%",2019,cuatro,04,03
5,"2,7%",2019,fdf,04,03
6,"2,4%",2019,neox,04,03
7,"2,3%",2019,energy,04,03
8,"2,2%",2019,nova,04,03
9,"2,2%",2019,la2,04,03
10,"2,1%",2019,divinity,04,03
11,"1,9%",2019,clan,04,03
12,"1,9%",2019,13tv,04,03
13,"1,7%",2019,mega-espana,04,03
14,"1,7%",2019,paramountchannel,04,03
15,"1,7%",2019,discoverymax,04,03
16,"1,4%",2019,atreseries,04,03
17,"1,2%",2019,canal24horas,04,03
18,"1,1%",2019,disney-channel,04,03
19,"1,1%",2019,boing,04,03
20,"1,0%",2019,gol-television,04,03
21,"0,6%",2019,dkiss,04,03
22,"0,5%",2019,bemadtv,04,03
23,"0,4%",2019,ten,04,03
24,"0,3%",2019,teledeporte,04,03
25,"0,1%",2019,real-madrid-tv,04,03
0,"16,2%",2019,telecinco,05,03
1,"13,6%",2019,antena3,05,03
2,"7,8%",2019,la1,05,03
3,"6,6%",2019,lasexta,05,03
4,"4,5%",2019,cuatro,05,03
5,"2,7%",2019,fdf,05,03
6,"2,4%",2019,la2,05,03
7,"2,2%",2019,nova,05,03
8,"2,1%",2019,neox,05,03
9,"2,1%",2019,energy,05,03
10,"2,0%",2019,13tv,05,03
11,"2,0%",2019,divinity,05,03
12,"1,9%",2019,mega-espana,05,03
13,"1,8%",2019,paramountchannel,05,03
14,"1,5%",2019,discoverymax,05,03
15,"1,4%",2019,clan,05,03
16,"1,3%",2019,gol-television,05,03
17,"1,2%",2019,canal24horas,05,03
18,"1,1%",2019,atreseries,05,03
19,"1,0%",2019,boing,05,03
20,"0,8%",2019,disney-channel,05,03
21,"0,7%",2019,dkiss,05,03
22,"0,6%",2019,teledeporte,05,03
23,"0,5%",2019,bemadtv,05,03
24,"0,4%",2019,ten,05,03
25,"0,4%",2019,real-madrid-tv,05,03
0,"13,6%",2019,telecinco,06,03
1,"12,8%",2019,antena3,06,03
2,"9,0%",2019,la1,06,03
3,"7,6%",2019,lasexta,06,03
4,"5,0%",2019,cuatro,06,03
5,"3,1%",2019,la2,06,03
6,"3,0%",2019,fdf,06,03
7,"2,5%",2019,neox,06,03
8,"2,2%",2019,nova,06,03
9,"2,1%",2019,mega-espana,06,03
10,"2,1%",2019,energy,06,03
11,"2,0%",2019,13tv,06,03
12,"1,8%",2019,clan,06,03
13,"1,8%",2019,divinity,06,03
14,"1,7%",2019,paramountchannel,06,03
15,"1,5%",2019,discoverymax,06,03
16,"1,4%",2019,canal24horas,06,03
17,"1,3%",2019,atreseries,06,03
18,"1,2%",2019,gol-television,06,03
19,"1,0%",2019,disney-channel,06,03
20,"0,9%",2019,dkiss,06,03
21,"0,8%",2019,boing,06,03
22,"0,5%",2019,bemadtv,06,03
23,"0,4%",2019,teledeporte,06,03
24,"0,4%",2019,ten,06,03
25,"0,2%",2019,real-madrid-tv,06,03
0,"17,8%",2019,telecinco,07,03
1,"12,4%",2019,antena3,07,03
2,"8,4%",2019,la1,07,03
3,"7,3%",2019,lasexta,07,03
4,"4,2%",2019,cuatro,07,03
5,"2,7%",2019,neox,07,03
6,"2,5%",2019,fdf,07,03
7,"2,3%",2019,la2,07,03
8,"2,3%",2019,nova,07,03
9,"2,2%",2019,divinity,07,03
10,"2,0%",2019,paramountchannel,07,03
11,"1,9%",2019,13tv,07,03
12,"1,7%",2019,energy,07,03
13,"1,7%",2019,gol-television,07,03
14,"1,6%",2019,mega-espana,07,03
15,"1,6%",2019,discoverymax,07,03
16,"1,4%",2019,clan,07,03
17,"1,3%",2019,atreseries,07,03
18,"1,1%",2019,canal24horas,07,03
19,"1,0%",2019,dkiss,07,03
20,"0,8%",2019,boing,07,03
21,"0,7%",2019,disney-channel,07,03
22,"0,4%",2019,ten,07,03
23,"0,4%",2019,bemadtv,07,03
24,"0,3%",2019,teledeporte,07,03
25,"0,2%",2019,real-madrid-tv,07,03
0,"14,4%",2019,telecinco,08,03
1,"12,2%",2019,antena3,08,03
2,"7,7%",2019,lasexta,08,03
3,"7,7%",2019,la1,08,03
4,"5,2%",2019,cuatro,08,03
5,"3,0%",2019,fdf,08,03
6,"2,8%",2019,la2,08,03
7,"2,6%",2019,neox,08,03
8,"2,5%",2019,energy,08,03
9,"2,3%",2019,nova,08,03
10,"2,2%",2019,divinity,08,03
11,"2,1%",2019,clan,08,03
12,"2,0%",2019,discoverymax,08,03
13,"1,8%",2019,13tv,08,03
14,"1,7%",2019,gol-television,08,03
15,"1,7%",2019,paramountchannel,08,03
16,"1,5%",2019,mega-espana,08,03
17,"1,4%",2019,atreseries,08,03
18,"1,3%",2019,boing,08,03
19,"1,1%",2019,disney-channel,08,03
20,"1,0%",2019,dkiss,08,03
21,"1,0%",2019,canal24horas,08,03
22,"0,8%",2019,bemadtv,08,03
23,"0,5%",2019,ten,08,03
24,"0,4%",2019,teledeporte,08,03
25,"0,2%",2019,real-madrid-tv,08,03
0,"12,1%",2019,telecinco,09,03
1,"10,7%",2019,antena3,09,03
2,"8,9%",2019,la1,09,03
3,"6,0%",2019,cuatro,09,03
4,"5,7%",2019,lasexta,09,03
5,"3,0%",2019,fdf,09,03
6,"2,7%",2019,la2,09,03
7,"2,5%",2019,neox,09,03
8,"2,4%",2019,discoverymax,09,03
9,"2,4%",2019,energy,09,03
10,"2,3%",2019,clan,09,03
11,"2,0%",2019,13tv,09,03
12,"1,9%",2019,paramountchannel,09,03
13,"1,8%",2019,divinity,09,03
14,"1,5%",2019,nova,09,03
15,"1,4%",2019,mega-espana,09,03
16,"1,3%",2019,atreseries,09,03
17,"1,3%",2019,boing,09,03
18,"1,2%",2019,disney-channel,09,03
19,"1,2%",2019,gol-television,09,03
20,"0,8%",2019,canal24horas,09,03
21,"0,7%",2019,bemadtv,09,03
22,"0,7%",2019,dkiss,09,03
23,"0,5%",2019,ten,09,03
24,"0,4%",2019,teledeporte,09,03
25,"0,4%",2019,real-madrid-tv,09,03
0,"13,0%",2019,telecinco,10,03
1,"10,6%",2019,antena3,10,03
2,"9,6%",2019,la1,10,03
3,"6,6%",2019,cuatro,10,03
4,"5,9%",2019,lasexta,10,03
5,"3,0%",2019,la2,10,03
6,"3,0%",2019,energy,10,03
7,"2,6%",2019,neox,10,03
8,"2,5%",2019,fdf,10,03
9,"2,2%",2019,paramountchannel,10,03
10,"2,1%",2019,divinity,10,03
11,"1,8%",2019,clan,10,03
12,"1,8%",2019,13tv,10,03
13,"1,8%",2019,discoverymax,10,03
14,"1,6%",2019,mega-espana,10,03
15,"1,4%",2019,atreseries,10,03
16,"1,1%",2019,nova,10,03
17,"1,1%",2019,gol-television,10,03
18,"0,9%",2019,canal24horas,10,03
19,"0,9%",2019,boing,10,03
20,"0,8%",2019,bemadtv,10,03
21,"0,8%",2019,dkiss,10,03
22,"0,8%",2019,disney-channel,10,03
23,"0,5%",2019,teledeporte,10,03
24,"0,4%",2019,ten,10,03
25,"0,4%",2019,real-madrid-tv,10,03
0,"15,7%",2019,telecinco,11,03
1,"14,4%",2019,antena3,11,03
2,"8,1%",2019,la1,11,03
3,"7,8%",2019,lasexta,11,03
4,"4,7%",2019,cuatro,11,03
5,"3,0%",2019,fdf,11,03
6,"2,6%",2019,la2,11,03
7,"2,4%",2019,neox,11,03
8,"2,3%",2019,nova,11,03
9,"2,2%",2019,energy,11,03
10,"2,0%",2019,divinity,11,03
11,"1,9%",2019,13tv,11,03
12,"1,8%",2019,paramountchannel,11,03
13,"1,7%",2019,mega-espana,11,03
14,"1,6%",2019,clan,11,03
15,"1,5%",2019,discoverymax,11,03
16,"1,4%",2019,atreseries,11,03
17,"1,4%",2019,gol-television,11,03
18,"1,0%",2019,canal24horas,11,03
19,"0,8%",2019,boing,11,03
20,"0,7%",2019,dkiss,11,03
21,"0,7%",2019,disney-channel,11,03
22,"0,6%",2019,bemadtv,11,03
23,"0,6%",2019,real-madrid-tv,11,03
24,"0,4%",2019,teledeporte,11,03
25,"0,4%",2019,ten,11,03
0,"17,0%",2019,telecinco,12,03
1,"13,4%",2019,antena3,12,03
2,"7,7%",2019,la1,12,03
3,"7,4%",2019,lasexta,12,03
4,"4,6%",2019,cuatro,12,03
5,"2,8%",2019,fdf,12,03
6,"2,5%",2019,la2,12,03
7,"2,3%",2019,neox,12,03
8,"2,2%",2019,nova,12,03
9,"2,2%",2019,paramountchannel,12,03
10,"2,2%",2019,energy,12,03
11,"2,0%",2019,13tv,12,03
12,"2,0%",2019,divinity,12,03
13,"1,7%",2019,discoverymax,12,03
14,"1,6%",2019,mega-espana,12,03
15,"1,6%",2019,clan,12,03
16,"1,3%",2019,gol-television,12,03
17,"1,2%",2019,atreseries,12,03
18,"0,9%",2019,canal24horas,12,03
19,"0,8%",2019,dkiss,12,03
20,"0,8%",2019,boing,12,03
21,"0,6%",2019,disney-channel,12,03
22,"0,5%",2019,teledeporte,12,03
23,"0,5%",2019,bemadtv,12,03
24,"0,4%",2019,ten,12,03
25,"0,2%",2019,real-madrid-tv,12,03
0,"13,5%",2019,telecinco,13,03
1,"12,8%",2019,antena3,13,03
2,"9,2%",2019,la1,13,03
3,"7,5%",2019,lasexta,13,03
4,"4,6%",2019,cuatro,13,03
5,"3,0%",2019,la2,13,03
6,"2,8%",2019,fdf,13,03
7,"2,7%",2019,neox,13,03
8,"2,5%",2019,nova,13,03
9,"2,4%",2019,energy,13,03
10,"2,2%",2019,divinity,13,03
11,"1,9%",2019,13tv,13,03
12,"1,9%",2019,paramountchannel,13,03
13,"1,8%",2019,mega-espana,13,03
14,"1,5%",2019,clan,13,03
15,"1,4%",2019,discoverymax,13,03
16,"1,4%",2019,gol-television,13,03
17,"1,3%",2019,atreseries,13,03
18,"1,0%",2019,boing,13,03
19,"0,9%",2019,canal24horas,13,03
20,"0,8%",2019,dkiss,13,03
21,"0,8%",2019,disney-channel,13,03
22,"0,6%",2019,bemadtv,13,03
23,"0,4%",2019,teledeporte,13,03
24,"0,4%",2019,ten,13,03
25,"0,3%",2019,real-madrid-tv,13,03
0,"17,9%",2019,telecinco,14,03
1,"12,4%",2019,antena3,14,03
2,"8,3%",2019,la1,14,03
3,"7,4%",2019,lasexta,14,03
4,"4,1%",2019,cuatro,14,03
5,"2,9%",2019,neox,14,03
6,"2,6%",2019,fdf,14,03
7,"2,3%",2019,divinity,14,03
8,"2,2%",2019,la2,14,03
9,"2,2%",2019,nova,14,03
10,"2,1%",2019,paramountchannel,14,03
11,"2,1%",2019,energy,14,03
12,"1,8%",2019,13tv,14,03
13,"1,7%",2019,gol-television,14,03
14,"1,6%",2019,discoverymax,14,03
15,"1,5%",2019,clan,14,03
16,"1,5%",2019,mega-espana,14,03
17,"1,3%",2019,atreseries,14,03
18,"1,2%",2019,canal24horas,14,03
19,"0,9%",2019,boing,14,03
20,"0,8%",2019,disney-channel,14,03
21,"0,7%",2019,dkiss,14,03
22,"0,6%",2019,bemadtv,14,03
23,"0,5%",2019,ten,14,03
24,"0,4%",2019,teledeporte,14,03
25,"0,2%",2019,real-madrid-tv,14,03
0,"15,1%",2019,telecinco,15,03
1,"12,1%",2019,antena3,15,03
2,"8,3%",2019,la1,15,03
3,"7,8%",2019,lasexta,15,03
4,"4,8%",2019,cuatro,15,03
5,"2,7%",2019,fdf,15,03
6,"2,5%",2019,la2,15,03
7,"2,5%",2019,neox,15,03
8,"2,4%",2019,nova,15,03
9,"2,3%",2019,energy,15,03
10,"2,1%",2019,divinity,15,03
11,"2,1%",2019,paramountchannel,15,03
12,"1,8%",2019,clan,15,03
13,"1,7%",2019,discoverymax,15,03
14,"1,6%",2019,atreseries,15,03
15,"1,6%",2019,13tv,15,03
16,"1,5%",2019,mega-espana,15,03
17,"1,5%",2019,gol-television,15,03
18,"1,2%",2019,dkiss,15,03
19,"1,1%",2019,boing,15,03
20,"1,1%",2019,disney-channel,15,03
21,"0,8%",2019,canal24horas,15,03
22,"0,6%",2019,bemadtv,15,03
23,"0,5%",2019,ten,15,03
24,"0,3%",2019,teledeporte,15,03
25,"0,2%",2019,real-madrid-tv,15,03
0,"11,4%",2019,telecinco,16,03
1,"10,1%",2019,antena3,16,03
2,"9,5%",2019,la1,16,03
3,"5,8%",2019,cuatro,16,03
4,"5,6%",2019,lasexta,16,03
5,"3,1%",2019,energy,16,03
6,"2,7%",2019,fdf,16,03
7,"2,6%",2019,neox,16,03
8,"2,5%",2019,la2,16,03
9,"2,3%",2019,clan,16,03
10,"2,1%",2019,13tv,16,03
11,"2,0%",2019,divinity,16,03
12,"1,7%",2019,boing,16,03
13,"1,7%",2019,paramountchannel,16,03
14,"1,7%",2019,discoverymax,16,03
15,"1,4%",2019,gol-television,16,03
16,"1,3%",2019,disney-channel,16,03
17,"1,3%",2019,mega-espana,16,03
18,"1,3%",2019,nova,16,03
19,"1,3%",2019,atreseries,16,03
20,"0,9%",2019,canal24horas,16,03
21,"0,8%",2019,dkiss,16,03
22,"0,6%",2019,teledeporte,16,03
23,"0,5%",2019,ten,16,03
24,"0,5%",2019,real-madrid-tv,16,03
25,"0,4%",2019,bemadtv,16,03
0,"11,7%",2019,telecinco,17,03
1,"11,0%",2019,antena3,17,03
2,"8,8%",2019,la1,17,03
3,"6,3%",2019,cuatro,17,03
4,"5,7%",2019,lasexta,17,03
5,"2,8%",2019,la2,17,03
6,"2,7%",2019,energy,17,03
7,"2,7%",2019,fdf,17,03
8,"2,6%",2019,neox,17,03
9,"2,5%",2019,paramountchannel,17,03
10,"2,0%",2019,13tv,17,03
11,"1,9%",2019,divinity,17,03
12,"1,8%",2019,mega-espana,17,03
13,"1,8%",2019,clan,17,03
14,"1,6%",2019,nova,17,03
15,"1,6%",2019,discoverymax,17,03
16,"1,5%",2019,gol-television,17,03
17,"1,5%",2019,atreseries,17,03
18,"1,2%",2019,boing,17,03
19,"1,0%",2019,disney-channel,17,03
20,"0,8%",2019,canal24horas,17,03
21,"0,7%",2019,dkiss,17,03
22,"0,6%",2019,teledeporte,17,03
23,"0,6%",2019,bemadtv,17,03
24,"0,5%",2019,real-madrid-tv,17,03
25,"0,4%",2019,ten,17,03
0,"16,2%",2019,telecinco,18,03
1,"12,7%",2019,antena3,18,03
2,"8,5%",2019,lasexta,18,03
3,"8,1%",2019,la1,18,03
4,"5,0%",2019,cuatro,18,03
5,"2,9%",2019,fdf,18,03
6,"2,5%",2019,la2,18,03
7,"2,4%",2019,nova,18,03
8,"2,3%",2019,neox,18,03
9,"2,2%",2019,paramountchannel,18,03
10,"2,1%",2019,13tv,18,03
11,"2,1%",2019,energy,18,03
12,"2,0%",2019,divinity,18,03
13,"1,8%",2019,clan,18,03
14,"1,6%",2019,mega-espana,18,03
15,"1,5%",2019,discoverymax,18,03
16,"1,1%",2019,atreseries,18,03
17,"1,0%",2019,gol-television,18,03
18,"1,0%",2019,boing,18,03
19,"0,9%",2019,dkiss,18,03
20,"0,9%",2019,disney-channel,18,03
21,"0,8%",2019,canal24horas,18,03
22,"0,5%",2019,ten,18,03
23,"0,5%",2019,bemadtv,18,03
24,"0,3%",2019,teledeporte,18,03
25,"0,2%",2019,real-madrid-tv,18,03
0,"13,8%",2019,telecinco,19,03
1,"13,7%",2019,antena3,19,03
2,"8,2%",2019,la1,19,03
3,"7,8%",2019,lasexta,19,03
4,"5,0%",2019,cuatro,19,03
5,"2,8%",2019,la2,19,03
6,"2,7%",2019,fdf,19,03
7,"2,6%",2019,neox,19,03
8,"2,4%",2019,nova,19,03
9,"2,4%",2019,energy,19,03
10,"2,3%",2019,paramountchannel,19,03
11,"2,1%",2019,divinity,19,03
12,"1,9%",2019,13tv,19,03
13,"1,8%",2019,discoverymax,19,03
14,"1,7%",2019,clan,19,03
15,"1,6%",2019,mega-espana,19,03
16,"1,3%",2019,atreseries,19,03
17,"1,2%",2019,canal24horas,19,03
18,"1,0%",2019,boing,19,03
19,"0,9%",2019,disney-channel,19,03
20,"0,8%",2019,dkiss,19,03
21,"0,7%",2019,gol-television,19,03
22,"0,6%",2019,bemadtv,19,03
23,"0,4%",2019,teledeporte,19,03
24,"0,4%",2019,ten,19,03
25,"0,2%",2019,real-madrid-tv,19,03
0,"16,8%",2019,telecinco,20,03
1,"14,3%",2019,antena3,20,03
2,"9,3%",2019,la1,20,03
3,"7,2%",2019,lasexta,20,03
4,"4,6%",2019,cuatro,20,03
5,"2,8%",2019,la2,20,03
6,"2,5%",2019,fdf,20,03
7,"2,4%",2019,nova,20,03
8,"2,4%",2019,neox,20,03
9,"2,1%",2019,energy,20,03
10,"2,0%",2019,paramountchannel,20,03
11,"1,9%",2019,divinity,20,03
12,"1,9%",2019,13tv,20,03
13,"1,8%",2019,clan,20,03
14,"1,7%",2019,mega-espana,20,03
15,"1,5%",2019,discoverymax,20,03
16,"1,3%",2019,atreseries,20,03
17,"1,1%",2019,canal24horas,20,03
18,"1,0%",2019,boing,20,03
19,"0,9%",2019,dkiss,20,03
20,"0,8%",2019,disney-channel,20,03
21,"0,6%",2019,gol-television,20,03
22,"0,6%",2019,bemadtv,20,03
23,"0,4%",2019,teledeporte,20,03
24,"0,4%",2019,ten,20,03
25,"0,2%",2019,real-madrid-tv,20,03
0,"17,5%",2019,telecinco,21,03
1,"13,2%",2019,antena3,21,03
2,"9,3%",2019,la1,21,03
3,"7,7%",2019,lasexta,21,03
4,"4,3%",2019,cuatro,21,03
5,"2,8%",2019,neox,21,03
6,"2,6%",2019,la2,21,03
7,"2,4%",2019,nova,21,03
8,"2,3%",2019,fdf,21,03
9,"2,1%",2019,divinity,21,03
10,"2,0%",2019,13tv,21,03
11,"1,9%",2019,paramountchannel,21,03
12,"1,8%",2019,clan,21,03
13,"1,7%",2019,atreseries,21,03
14,"1,6%",2019,energy,21,03
15,"1,4%",2019,mega-espana,21,03
16,"1,4%",2019,discoverymax,21,03
17,"1,3%",2019,canal24horas,21,03
18,"0,9%",2019,boing,21,03
19,"0,8%",2019,dkiss,21,03
20,"0,7%",2019,disney-channel,21,03
21,"0,6%",2019,gol-television,21,03
22,"0,5%",2019,bemadtv,21,03
23,"0,4%",2019,teledeporte,21,03
24,"0,4%",2019,ten,21,03
25,"0,2%",2019,real-madrid-tv,21,03
0,"15,0%",2019,telecinco,22,03
1,"11,8%",2019,antena3,22,03
2,"8,8%",2019,la1,22,03
3,"8,1%",2019,lasexta,22,03
4,"4,6%",2019,cuatro,22,03
5,"3,0%",2019,fdf,22,03
6,"2,7%",2019,la2,22,03
7,"2,7%",2019,neox,22,03
8,"2,5%",2019,divinity,22,03
9,"2,4%",2019,nova,22,03
10,"2,4%",2019,energy,22,03
11,"2,0%",2019,paramountchannel,22,03
12,"2,0%",2019,13tv,22,03
13,"1,8%",2019,clan,22,03
14,"1,7%",2019,discoverymax,22,03
15,"1,6%",2019,atreseries,22,03
16,"1,4%",2019,mega-espana,22,03
17,"1,2%",2019,boing,22,03
18,"1,1%",2019,dkiss,22,03
19,"1,0%",2019,disney-channel,22,03
20,"0,9%",2019,gol-television,22,03
21,"0,7%",2019,canal24horas,22,03
22,"0,6%",2019,bemadtv,22,03
23,"0,4%",2019,teledeporte,22,03
24,"0,4%",2019,ten,22,03
25,"0,2%",2019,real-madrid-tv,22,03
0,"13,9%",2019,la1,23,03
1,"11,2%",2019,telecinco,23,03
2,"10,3%",2019,antena3,23,03
3,"6,9%",2019,lasexta,23,03
4,"5,2%",2019,cuatro,23,03
5,"3,0%",2019,energy,23,03
6,"2,9%",2019,la2,23,03
7,"2,7%",2019,neox,23,03
8,"2,4%",2019,fdf,23,03
9,"2,3%",2019,clan,23,03
10,"2,2%",2019,13tv,23,03
11,"2,0%",2019,divinity,23,03
12,"1,8%",2019,discoverymax,23,03
13,"1,6%",2019,paramountchannel,23,03
14,"1,5%",2019,nova,23,03
15,"1,5%",2019,mega-espana,23,03
16,"1,3%",2019,disney-channel,23,03
17,"1,2%",2019,boing,23,03
18,"1,2%",2019,atreseries,23,03
19,"0,9%",2019,dkiss,23,03
20,"0,9%",2019,canal24horas,23,03
21,"0,7%",2019,gol-television,23,03
22,"0,6%",2019,teledeporte,23,03
23,"0,5%",2019,ten,23,03
24,"0,5%",2019,bemadtv,23,03
25,"0,4%",2019,real-madrid-tv,23,03
0,"12,6%",2019,telecinco,24,03
1,"10,1%",2019,antena3,24,03
2,"10,0%",2019,la1,24,03
3,"6,4%",2019,lasexta,24,03
4,"5,8%",2019,cuatro,24,03
5,"3,2%",2019,la2,24,03
6,"3,1%",2019,energy,24,03
7,"2,6%",2019,neox,24,03
8,"2,5%",2019,divinity,24,03
9,"2,5%",2019,fdf,24,03
10,"2,4%",2019,13tv,24,03
11,"2,3%",2019,paramountchannel,24,03
12,"2,0%",2019,discoverymax,24,03
13,"2,0%",2019,nova,24,03
14,"1,9%",2019,clan,24,03
15,"1,7%",2019,mega-espana,24,03
16,"1,5%",2019,atreseries,24,03
17,"1,1%",2019,canal24horas,24,03
18,"1,0%",2019,boing,24,03
19,"0,9%",2019,disney-channel,24,03
20,"0,8%",2019,dkiss,24,03
21,"0,8%",2019,gol-television,24,03
22,"0,7%",2019,bemadtv,24,03
23,"0,4%",2019,teledeporte,24,03
24,"0,4%",2019,ten,24,03
25,"0,4%",2019,real-madrid-tv,24,03
0,"15,9%",2019,telecinco,25,03
1,"12,6%",2019,antena3,25,03
2,"9,4%",2019,la1,25,03
3,"8,4%",2019,lasexta,25,03
4,"4,9%",2019,cuatro,25,03
5,"2,7%",2019,fdf,25,03
6,"2,4%",2019,la2,25,03
7,"2,4%",2019,energy,25,03
8,"2,3%",2019,neox,25,03
9,"2,2%",2019,nova,25,03
10,"2,1%",2019,divinity,25,03
11,"1,9%",2019,paramountchannel,25,03
12,"1,9%",2019,clan,25,03
13,"1,9%",2019,13tv,25,03
14,"1,7%",2019,discoverymax,25,03
15,"1,6%",2019,mega-espana,25,03
16,"1,3%",2019,atreseries,25,03
17,"1,1%",2019,canal24horas,25,03
18,"0,9%",2019,dkiss,25,03
19,"0,9%",2019,boing,25,03
20,"0,9%",2019,gol-television,25,03
21,"0,8%",2019,disney-channel,25,03
22,"0,6%",2019,bemadtv,25,03
23,"0,5%",2019,ten,25,03
24,"0,3%",2019,teledeporte,25,03
25,"0,2%",2019,real-madrid-tv,25,03
0,"14,9%",2019,la1,26,03
1,"13,7%",2019,telecinco,26,03
2,"13,1%",2019,antena3,26,03
3,"7,1%",2019,lasexta,26,03
4,"4,2%",2019,cuatro,26,03
5,"2,5%",2019,fdf,26,03
6,"2,5%",2019,la2,26,03
7,"2,4%",2019,nova,26,03
8,"2,3%",2019,neox,26,03
9,"2,3%",2019,divinity,26,03
10,"2,0%",2019,paramountchannel,26,03
11,"1,9%",2019,energy,26,03
12,"1,9%",2019,13tv,26,03
13,"1,8%",2019,clan,26,03
14,"1,6%",2019,discoverymax,26,03
15,"1,5%",2019,mega-espana,26,03
16,"1,0%",2019,atreseries,26,03
17,"1,0%",2019,canal24horas,26,03
18,"0,9%",2019,dkiss,26,03
19,"0,9%",2019,boing,26,03
20,"0,7%",2019,disney-channel,26,03
21,"0,6%",2019,gol-television,26,03
22,"0,6%",2019,ten,26,03
23,"0,5%",2019,bemadtv,26,03
24,"0,4%",2019,teledeporte,26,03
25,"0,2%",2019,real-madrid-tv,26,03
0,"16,2%",2019,telecinco,27,03
1,"14,6%",2019,antena3,27,03
2,"8,5%",2019,la1,27,03
3,"7,7%",2019,lasexta,27,03
4,"4,2%",2019,cuatro,27,03
5,"2,9%",2019,la2,27,03
6,"2,7%",2019,fdf,27,03
7,"2,6%",2019,neox,27,03
8,"2,4%",2019,nova,27,03
9,"2,2%",2019,divinity,27,03
10,"2,1%",2019,paramountchannel,27,03
11,"1,9%",2019,13tv,27,03
12,"1,9%",2019,energy,27,03
13,"1,8%",2019,discoverymax,27,03
14,"1,7%",2019,clan,27,03
15,"1,7%",2019,mega-espana,27,03
16,"1,4%",2019,atreseries,27,03
17,"1,0%",2019,canal24horas,27,03
18,"0,9%",2019,disney-channel,27,03
19,"0,9%",2019,boing,27,03
20,"0,8%",2019,dkiss,27,03
21,"0,6%",2019,gol-television,27,03
22,"0,6%",2019,bemadtv,27,03
23,"0,5%",2019,ten,27,03
24,"0,3%",2019,teledeporte,27,03
25,"0,2%",2019,real-madrid-tv,27,03
0,"17,5%",2019,telecinco,28,03
1,"12,8%",2019,antena3,28,03
2,"9,5%",2019,la1,28,03
3,"7,8%",2019,lasexta,28,03
4,"4,0%",2019,cuatro,28,03
5,"2,8%",2019,fdf,28,03
6,"2,7%",2019,neox,28,03
7,"2,4%",2019,la2,28,03
8,"2,2%",2019,nova,28,03
9,"2,2%",2019,divinity,28,03
10,"2,1%",2019,13tv,28,03
11,"2,1%",2019,energy,28,03
12,"2,0%",2019,paramountchannel,28,03
13,"1,8%",2019,clan,28,03
14,"1,6%",2019,discoverymax,28,03
15,"1,5%",2019,mega-espana,28,03
16,"1,3%",2019,atreseries,28,03
17,"1,0%",2019,canal24horas,28,03
18,"0,9%",2019,dkiss,28,03
19,"0,8%",2019,boing,28,03
20,"0,8%",2019,disney-channel,28,03
21,"0,6%",2019,bemadtv,28,03
22,"0,5%",2019,gol-television,28,03
23,"0,4%",2019,teledeporte,28,03
24,"0,4%",2019,ten,28,03
25,"0,2%",2019,real-madrid-tv,28,03
0,"15,2%",2019,telecinco,29,03
1,"12,2%",2019,antena3,29,03
2,"8,8%",2019,la1,29,03
3,"7,9%",2019,lasexta,29,03
4,"4,6%",2019,cuatro,29,03
5,"2,8%",2019,nova,29,03
6,"2,6%",2019,fdf,29,03
7,"2,5%",2019,neox,29,03
8,"2,5%",2019,la2,29,03
9,"2,4%",2019,energy,29,03
10,"2,3%",2019,divinity,29,03
11,"1,9%",2019,paramountchannel,29,03
12,"1,8%",2019,clan,29,03
13,"1,7%",2019,discoverymax,29,03
14,"1,6%",2019,mega-espana,29,03
15,"1,6%",2019,13tv,29,03
16,"1,4%",2019,atreseries,29,03
17,"1,3%",2019,boing,29,03
18,"1,1%",2019,gol-television,29,03
19,"1,0%",2019,dkiss,29,03
20,"1,0%",2019,disney-channel,29,03
21,"0,7%",2019,canal24horas,29,03
22,"0,6%",2019,ten,29,03
23,"0,6%",2019,bemadtv,29,03
24,"0,3%",2019,teledeporte,29,03
25,"0,3%",2019,real-madrid-tv,29,03
0,"10,8%",2019,la1,30,03
1,"10,4%",2019,antena3,30,03
2,"9,0%",2019,telecinco,30,03
3,"6,4%",2019,lasexta,30,03
4,"5,8%",2019,cuatro,30,03
5,"2,8%",2019,fdf,30,03
6,"2,8%",2019,la2,30,03
7,"2,7%",2019,neox,30,03
8,"2,5%",2019,energy,30,03
9,"2,3%",2019,clan,30,03
10,"2,3%",2019,divinity,30,03
11,"2,3%",2019,paramountchannel,30,03
12,"1,9%",2019,13tv,30,03
13,"1,8%",2019,nova,30,03
14,"1,8%",2019,discoverymax,30,03
15,"1,7%",2019,boing,30,03
16,"1,6%",2019,mega-espana,30,03
17,"1,4%",2019,atreseries,30,03
18,"1,1%",2019,disney-channel,30,03
19,"1,1%",2019,canal24horas,30,03
20,"1,0%",2019,gol-television,30,03
21,"0,8%",2019,dkiss,30,03
22,"0,7%",2019,bemadtv,30,03
23,"0,5%",2019,teledeporte,30,03
24,"0,4%",2019,ten,30,03
25,"0,4%",2019,real-madrid-tv,30,03
0,"11,8%",2019,telecinco,31,03
1,"10,4%",2019,antena3,31,03
2,"10,2%",2019,la1,31,03
3,"8,2%",2019,lasexta,31,03
4,"5,2%",2019,cuatro,31,03
5,"2,7%",2019,neox,31,03
6,"2,7%",2019,fdf,31,03
7,"2,6%",2019,la2,31,03
8,"2,6%",2019,nova,31,03
9,"2,4%",2019,energy,31,03
10,"2,0%",2019,13tv,31,03
11,"1,7%",2019,clan,31,03
12,"1,7%",2019,mega-espana,31,03
13,"1,7%",2019,divinity,31,03
14,"1,7%",2019,paramountchannel,31,03
15,"1,6%",2019,gol-television,31,03
16,"1,6%",2019,discoverymax,31,03
17,"1,2%",2019,atreseries,31,03
18,"1,0%",2019,canal24horas,31,03
19,"1,0%",2019,boing,31,03
20,"0,9%",2019,disney-channel,31,03
21,"0,7%",2019,dkiss,31,03
22,"0,6%",2019,teledeporte,31,03
23,"0,6%",2019,bemadtv,31,03
24,"0,5%",2019,ten,31,03
25,"0,5%",2019,real-madrid-tv,31,03
0,"16,5%",2019,telecinco,01,04
1,"11,7%",2019,antena3,01,04
2,"9,7%",2019,la1,01,04
3,"8,4%",2019,lasexta,01,04
4,"5,0%",2019,cuatro,01,04
5,"2,6%",2019,fdf,01,04
6,"2,6%",2019,la2,01,04
7,"2,5%",2019,neox,01,04
8,"2,5%",2019,paramountchannel,01,04
9,"2,4%",2019,energy,01,04
10,"2,1%",2019,nova,01,04
11,"2,1%",2019,13tv,01,04
12,"2,0%",2019,divinity,01,04
13,"1,7%",2019,clan,01,04
14,"1,6%",2019,mega-espana,01,04
15,"1,6%",2019,discoverymax,01,04
16,"1,1%",2019,atreseries,01,04
17,"1,0%",2019,gol-television,01,04
18,"0,9%",2019,boing,01,04
19,"0,8%",2019,dkiss,01,04
20,"0,8%",2019,canal24horas,01,04
21,"0,8%",2019,disney-channel,01,04
22,"0,5%",2019,ten,01,04
23,"0,5%",2019,bemadtv,01,04
24,"0,3%",2019,teledeporte,01,04
25,"0,2%",2019,real-madrid-tv,01,04
0,"13,7%",2019,telecinco,02,04
1,"12,6%",2019,antena3,02,04
2,"10,6%",2019,la1,02,04
3,"7,6%",2019,lasexta,02,04
4,"4,5%",2019,cuatro,02,04
5,"2,7%",2019,fdf,02,04
6,"2,5%",2019,la2,02,04
7,"2,5%",2019,neox,02,04
8,"2,3%",2019,nova,02,04
9,"2,3%",2019,energy,02,04
10,"2,2%",2019,divinity,02,04
11,"2,1%",2019,13tv,02,04
12,"2,0%",2019,paramountchannel,02,04
13,"1,7%",2019,discoverymax,02,04
14,"1,6%",2019,mega-espana,02,04
15,"1,6%",2019,clan,02,04
16,"1,1%",2019,gol-television,02,04
17,"1,1%",2019,atreseries,02,04
18,"1,0%",2019,canal24horas,02,04
19,"0,9%",2019,dkiss,02,04
20,"0,9%",2019,boing,02,04
21,"0,8%",2019,disney-channel,02,04
22,"0,5%",2019,ten,02,04
23,"0,5%",2019,bemadtv,02,04
24,"0,3%",2019,teledeporte,02,04
25,"0,2%",2019,real-madrid-tv,02,04
0,"16,0%",2019,telecinco,03,04
1,"14,0%",2019,antena3,03,04
2,"8,4%",2019,la1,03,04
3,"6,9%",2019,lasexta,03,04
4,"4,6%",2019,cuatro,03,04
5,"2,8%",2019,la2,03,04
6,"2,5%",2019,neox,03,04
7,"2,5%",2019,fdf,03,04
8,"2,3%",2019,nova,03,04
9,"2,2%",2019,divinity,03,04
10,"1,9%",2019,paramountchannel,03,04
11,"1,8%",2019,13tv,03,04
12,"1,7%",2019,energy,03,04
13,"1,6%",2019,mega-espana,03,04
14,"1,6%",2019,clan,03,04
15,"1,6%",2019,discoverymax,03,04
16,"1,2%",2019,atreseries,03,04
17,"1,1%",2019,canal24horas,03,04
18,"0,9%",2019,gol-television,03,04
19,"0,8%",2019,disney-channel,03,04
20,"0,8%",2019,boing,03,04
21,"0,7%",2019,dkiss,03,04
22,"0,5%",2019,ten,03,04
23,"0,4%",2019,teledeporte,03,04
24,"0,4%",2019,bemadtv,03,04
25,"0,3%",2019,real-madrid-tv,03,04
0,"17,6%",2019,telecinco,04,04
1,"12,6%",2019,antena3,04,04
2,"8,9%",2019,la1,04,04
3,"8,0%",2019,lasexta,04,04
4,"4,0%",2019,cuatro,04,04
5,"3,0%",2019,la2,04,04
6,"2,7%",2019,fdf,04,04
7,"2,5%",2019,neox,04,04
8,"2,2%",2019,nova,04,04
9,"2,1%",2019,13tv,04,04
10,"2,1%",2019,paramountchannel,04,04
11,"1,9%",2019,energy,04,04
12,"1,8%",2019,clan,04,04
13,"1,8%",2019,divinity,04,04
14,"1,6%",2019,discoverymax,04,04
15,"1,5%",2019,mega-espana,04,04
16,"1,5%",2019,gol-television,04,04
17,"1,1%",2019,atreseries,04,04
18,"1,1%",2019,canal24horas,04,04
19,"0,8%",2019,dkiss,04,04
20,"0,8%",2019,boing,04,04
21,"0,8%",2019,disney-channel,04,04
22,"0,6%",2019,bemadtv,04,04
23,"0,4%",2019,ten,04,04
24,"0,3%",2019,teledeporte,04,04
25,"0,1%",2019,real-madrid-tv,04,04
0,"15,2%",2019,telecinco,05,04
1,"11,9%",2019,antena3,05,04
2,"8,6%",2019,la1,05,04
3,"7,7%",2019,lasexta,05,04
4,"4,6%",2019,cuatro,05,04
5,"3,0%",2019,fdf,05,04
6,"3,0%",2019,la2,05,04
7,"2,9%",2019,neox,05,04
8,"2,6%",2019,energy,05,04
9,"2,2%",2019,nova,05,04
10,"2,2%",2019,divinity,05,04
11,"2,1%",2019,paramountchannel,05,04
12,"1,9%",2019,clan,05,04
13,"1,9%",2019,13tv,05,04
14,"1,7%",2019,discoverymax,05,04
15,"1,6%",2019,mega-espana,05,04
16,"1,4%",2019,atreseries,05,04
17,"1,1%",2019,gol-television,05,04
18,"1,1%",2019,boing,05,04
19,"1,0%",2019,disney-channel,05,04
20,"0,9%",2019,dkiss,05,04
21,"0,6%",2019,canal24horas,05,04
22,"0,6%",2019,bemadtv,05,04
23,"0,4%",2019,teledeporte,05,04
24,"0,4%",2019,ten,05,04
25,"0,2%",2019,real-madrid-tv,05,04
0,"11,2%",2019,antena3,06,04
1,"11,1%",2019,telecinco,06,04
2,"9,6%",2019,la1,06,04
3,"6,4%",2019,cuatro,06,04
4,"5,5%",2019,lasexta,06,04
5,"2,8%",2019,fdf,06,04
6,"2,5%",2019,neox,06,04
7,"2,4%",2019,la2,06,04
8,"2,3%",2019,clan,06,04
9,"2,3%",2019,energy,06,04
10,"2,1%",2019,13tv,06,04
11,"2,0%",2019,paramountchannel,06,04
12,"1,8%",2019,divinity,06,04
13,"1,7%",2019,discoverymax,06,04
14,"1,6%",2019,nova,06,04
15,"1,5%",2019,mega-espana,06,04
16,"1,4%",2019,boing,06,04
17,"1,3%",2019,disney-channel,06,04
18,"1,3%",2019,gol-television,06,04
19,"1,0%",2019,atreseries,06,04
20,"0,8%",2019,canal24horas,06,04
21,"0,7%",2019,dkiss,06,04
22,"0,6%",2019,teledeporte,06,04
23,"0,5%",2019,bemadtv,06,04
24,"0,5%",2019,real-madrid-tv,06,04
25,"0,4%",2019,ten,06,04
0,"11,9%",2019,telecinco,07,04
1,"11,2%",2019,la1,07,04
2,"9,6%",2019,antena3,07,04
3,"6,5%",2019,lasexta,07,04
4,"5,4%",2019,cuatro,07,04
5,"2,8%",2019,la2,07,04
6,"2,7%",2019,fdf,07,04
7,"2,5%",2019,neox,07,04
8,"2,2%",2019,nova,07,04
9,"2,1%",2019,13tv,07,04
10,"2,1%",2019,paramountchannel,07,04
11,"1,9%",2019,energy,07,04
12,"1,8%",2019,clan,07,04
13,"1,8%",2019,divinity,07,04
14,"1,6%",2019,discoverymax,07,04
15,"1,5%",2019,mega-espana,07,04
16,"1,5%",2019,gol-television,07,04
17,"1,1%",2019,atreseries,07,04
18,"1,1%",2019,canal24horas,07,04
19,"0,8%",2019,dkiss,07,04
20,"0,8%",2019,boing,07,04
21,"0,8%",2019,disney-channel,07,04
22,"0,6%",2019,bemadtv,07,04
23,"0,4%",2019,ten,07,04
24,"0,3%",2019,teledeporte,07,04
25,"0,1%",2019,real-madrid-tv,07,04
0,"16,3%",2019,telecinco,08,04
1,"11,7%",2019,antena3,08,04
2,"9,3%",2019,la1,08,04
3,"8,6%",2019,lasexta,08,04
4,"5,0%",2019,cuatro,08,04
5,"2,6%",2019,la2,08,04
6,"2,6%",2019,fdf,08,04
7,"2,4%",2019,nova,08,04
8,"2,4%",2019,energy,08,04
9,"2,3%",2019,neox,08,04
10,"2,1%",2019,13tv,08,04
11,"2,0%",2019,divinity,08,04
12,"2,0%",2019,paramountchannel,08,04
13,"1,9%",2019,clan,08,04
14,"1,6%",2019,discoverymax,08,04
15,"1,5%",2019,mega-espana,08,04
16,"1,3%",2019,atreseries,08,04
17,"1,2%",2019,gol-television,08,04
18,"0,9%",2019,boing,08,04
19,"0,8%",2019,dkiss,08,04
20,"0,8%",2019,disney-channel,08,04
21,"0,7%",2019,canal24horas,08,04
22,"0,6%",2019,bemadtv,08,04
23,"0,5%",2019,ten,08,04
24,"0,4%",2019,teledeporte,08,04
25,"0,2%",2019,real-madrid-tv,08,04
0,"13,9%",2019,telecinco,09,04
1,"13,2%",2019,antena3,09,04
2,"10,9%",2019,la1,09,04
3,"8,7%",2019,lasexta,09,04
4,"4,3%",2019,cuatro,09,04
5,"3,0%",2019,fdf,09,04
6,"2,4%",2019,la2,09,04
7,"2,4%",2019,nova,09,04
8,"2,3%",2019,13tv,09,04
9,"2,2%",2019,divinity,09,04
10,"2,2%",2019,paramountchannel,09,04
11,"2,1%",2019,neox,09,04
12,"2,0%",2019,energy,09,04
13,"1,9%",2019,clan,09,04
14,"1,7%",2019,discoverymax,09,04
15,"1,4%",2019,mega-espana,09,04
16,"1,2%",2019,atreseries,09,04
17,"1,0%",2019,canal24horas,09,04
18,"0,8%",2019,dkiss,09,04
19,"0,8%",2019,boing,09,04
20,"0,8%",2019,gol-television,09,04
21,"0,7%",2019,disney-channel,09,04
22,"0,5%",2019,ten,09,04
23,"0,4%",2019,teledeporte,09,04
24,"0,4%",2019,bemadtv,09,04
25,"0,2%",2019,real-madrid-tv,09,04
0,"17,2%",2019,telecinco,10,04
1,"14,5%",2019,antena3,10,04
2,"8,1%",2019,la1,10,04
3,"7,0%",2019,lasexta,10,04
4,"4,9%",2019,cuatro,10,04
5,"2,6%",2019,la2,10,04
6,"2,5%",2019,fdf,10,04
7,"2,4%",2019,neox,10,04
8,"2,2%",2019,nova,10,04
9,"2,0%",2019,divinity,10,04
10,"1,9%",2019,13tv,10,04
11,"1,8%",2019,clan,10,04
12,"1,8%",2019,paramountchannel,10,04
13,"1,7%",2019,energy,10,04
14,"1,6%",2019,mega-espana,10,04
15,"1,6%",2019,discoverymax,10,04
16,"1,2%",2019,atreseries,10,04
17,"1,0%",2019,gol-television,10,04
18,"0,9%",2019,canal24horas,10,04
19,"0,9%",2019,boing,10,04
20,"0,8%",2019,dkiss,10,04
21,"0,8%",2019,disney-channel,10,04
22,"0,5%",2019,bemadtv,10,04
23,"0,4%",2019,teledeporte,10,04
24,"0,4%",2019,ten,10,04
25,"0,1%",2019,real-madrid-tv,10,04
0,,2019,,11,04
0,"15,8%",2019,telecinco,12,04
1,"12,0%",2019,antena3,12,04
2,"7,9%",2019,la1,12,04
3,"7,5%",2019,lasexta,12,04
4,"4,7%",2019,cuatro,12,04
5,"2,9%",2019,neox,12,04
6,"2,7%",2019,fdf,12,04
7,"2,6%",2019,la2,12,04
8,"2,5%",2019,energy,12,04
9,"2,4%",2019,nova,12,04
10,"2,3%",2019,divinity,12,04
11,"2,2%",2019,paramountchannel,12,04
12,"2,1%",2019,13tv,12,04
13,"1,8%",2019,clan,12,04
14,"1,7%",2019,discoverymax,12,04
15,"1,5%",2019,mega-espana,12,04
16,"1,3%",2019,atreseries,12,04
17,"1,2%",2019,boing,12,04
18,"1,1%",2019,disney-channel,12,04
19,"1,1%",2019,gol-television,12,04
20,"1,0%",2019,dkiss,12,04
21,"0,6%",2019,canal24horas,12,04
22,"0,6%",2019,bemadtv,12,04
23,"0,5%",2019,teledeporte,12,04
24,"0,4%",2019,ten,12,04
25,"0,2%",2019,real-madrid-tv,12,04
0,"11,8%",2019,telecinco,13,04
1,"10,2%",2019,antena3,13,04
2,"9,4%",2019,la1,13,04
3,"6,6%",2019,lasexta,13,04
4,"5,7%",2019,cuatro,13,04
5,"3,1%",2019,fdf,13,04
6,"2,8%",2019,neox,13,04
7,"2,7%",2019,energy,13,04
8,"2,6%",2019,la2,13,04
9,"2,2%",2019,clan,13,04
10,"2,2%",2019,divinity,13,04
11,"2,0%",2019,13tv,13,04
12,"1,9%",2019,paramountchannel,13,04
13,"1,7%",2019,nova,13,04
14,"1,5%",2019,discoverymax,13,04
15,"1,4%",2019,disney-channel,13,04
16,"1,3%",2019,boing,13,04
17,"1,2%",2019,atreseries,13,04
18,"1,2%",2019,mega-espana,13,04
19,"1,1%",2019,gol-television,13,04
20,"0,9%",2019,canal24horas,13,04
21,"0,8%",2019,bemadtv,13,04
22,"0,8%",2019,dkiss,13,04
23,"0,5%",2019,teledeporte,13,04
24,"0,4%",2019,real-madrid-tv,13,04
25,"0,3%",2019,ten,13,04
0,"12,9%",2019,telecinco,14,04
1,"10,4%",2019,la1,14,04
2,"9,6%",2019,antena3,14,04
3,"5,9%",2019,cuatro,14,04
4,"4,3%",2019,lasexta,14,04
5,"3,0%",2019,la2,14,04
6,"2,9%",2019,energy,14,04
7,"2,7%",2019,13tv,14,04
8,"2,7%",2019,neox,14,04
9,"2,6%",2019,fdf,14,04
10,"2,1%",2019,nova,14,04
11,"2,1%",2019,divinity,14,04
12,"1,8%",2019,clan,14,04
13,"1,7%",2019,paramountchannel,14,04
14,"1,7%",2019,discoverymax,14,04
15,"1,7%",2019,mega-espana,14,04
16,"1,6%",2019,gol-television,14,04
17,"1,4%",2019,atreseries,14,04
18,"1,0%",2019,boing,14,04
19,"0,9%",2019,canal24horas,14,04
20,"0,9%",2019,disney-channel,14,04
21,"0,8%",2019,bemadtv,14,04
22,"0,8%",2019,teledeporte,14,04
23,"0,7%",2019,dkiss,14,04
24,"0,4%",2019,real-madrid-tv,14,04
25,"0,3%",2019,ten,14,04
0,"16,3%",2019,telecinco,15,04
1,"10,9%",2019,antena3,15,04
2,"9,3%",2019,la1,15,04
3,"6,7%",2019,lasexta,15,04
4,"5,1%",2019,cuatro,15,04
5,"2,6%",2019,fdf,15,04
6,"2,6%",2019,la2,15,04
7,"2,3%",2019,clan,15,04
8,"2,3%",2019,neox,15,04
9,"2,3%",2019,nova,15,04
10,"2,2%",2019,13tv,15,04
11,"2,2%",2019,energy,15,04
12,"2,0%",2019,divinity,15,04
13,"1,9%",2019,paramountchannel,15,04
14,"1,6%",2019,mega-espana,15,04
15,"1,3%",2019,canal24horas,15,04
16,"1,3%",2019,discoverymax,15,04
17,"1,2%",2019,atreseries,15,04
18,"1,1%",2019,disney-channel,15,04
19,"1,0%",2019,boing,15,04
20,"0,9%",2019,dkiss,15,04
21,"0,8%",2019,gol-television,15,04
22,"0,6%",2019,teledeporte,15,04
23,"0,5%",2019,bemadtv,15,04
24,"0,4%",2019,ten,15,04
25,"0,3%",2019,real-madrid-tv,15,04
0,"13,5%",2019,telecinco,16,04
1,"12,0%",2019,antena3,16,04
2,"8,9%",2019,la1,16,04
3,"6,4%",2019,lasexta,16,04
4,"5,0%",2019,cuatro,16,04
5,"2,9%",2019,fdf,16,04
6,"2,7%",2019,la2,16,04
7,"2,3%",2019,nova,16,04
8,"2,3%",2019,neox,16,04
9,"2,3%",2019,divinity,16,04
10,"2,3%",2019,energy,16,04
11,"2,1%",2019,clan,16,04
12,"1,8%",2019,13tv,16,04
13,"1,8%",2019,paramountchannel,16,04
14,"1,6%",2019,mega-espana,16,04
15,"1,6%",2019,discoverymax,16,04
16,"1,4%",2019,atreseries,16,04
17,"1,4%",2019,canal24horas,16,04
18,"1,3%",2019,gol-television,16,04
19,"1,2%",2019,disney-channel,16,04
20,"1,2%",2019,boing,16,04
21,"1,0%",2019,dkiss,16,04
22,"0,5%",2019,ten,16,04
23,"0,4%",2019,teledeporte,16,04
24,"0,4%",2019,bemadtv,16,04
25,"0,1%",2019,real-madrid-tv,16,04
0,"13,2%",2019,telecinco,17,04
1,"12,4%",2019,antena3,17,04
2,"8,2%",2019,la1,17,04
3,"6,1%",2019,lasexta,17,04
4,"5,0%",2019,cuatro,17,04
5,"3,2%",2019,la2,17,04
6,"2,8%",2019,fdf,17,04
7,"2,7%",2019,neox,17,04
8,"2,5%",2019,13tv,17,04
9,"2,4%",2019,nova,17,04
10,"2,3%",2019,divinity,17,04
11,"2,2%",2019,clan,17,04
12,"1,9%",2019,paramountchannel,17,04
13,"1,8%",2019,energy,17,04
14,"1,6%",2019,mega-espana,17,04
15,"1,6%",2019,discoverymax,17,04
16,"1,5%",2019,boing,17,04
17,"1,3%",2019,atreseries,17,04
18,"1,1%",2019,disney-channel,17,04
19,"1,1%",2019,gol-television,17,04
20,"1,0%",2019,dkiss,17,04
21,"0,9%",2019,canal24horas,17,04
22,"0,7%",2019,bemadtv,17,04
23,"0,5%",2019,ten,17,04
24,"0,4%",2019,teledeporte,17,04
25,"0,1%",2019,real-madrid-tv,17,04
0,"11,8%",2019,antena3,18,04
1,"11,6%",2019,telecinco,18,04
2,"8,0%",2019,la1,18,04
3,"6,2%",2019,lasexta,18,04
4,"5,1%",2019,cuatro,18,04
5,"2,9%",2019,la2,18,04
6,"2,8%",2019,neox,18,04
7,"2,7%",2019,fdf,18,04
8,"2,6%",2019,13tv,18,04
9,"2,4%",2019,paramountchannel,18,04
10,"2,3%",2019,nova,18,04
11,"2,2%",2019,clan,18,04
12,"2,2%",2019,energy,18,04
13,"2,0%",2019,divinity,18,04
14,"1,9%",2019,discoverymax,18,04
15,"1,6%",2019,mega-espana,18,04
16,"1,3%",2019,disney-channel,18,04
17,"1,2%",2019,atreseries,18,04
18,"1,1%",2019,dkiss,18,04
19,"1,1%",2019,boing,18,04
20,"1,1%",2019,gol-television,18,04
21,"0,8%",2019,canal24horas,18,04
22,"0,7%",2019,bemadtv,18,04
23,"0,5%",2019,ten,18,04
24,"0,4%",2019,teledeporte,18,04
25,"0,3%",2019,real-madrid-tv,18,04
0,"10,6%",2019,antena3,19,04
1,"10,2%",2019,la1,19,04
2,"9,0%",2019,telecinco,19,04
3,"6,2%",2019,lasexta,19,04
4,"5,5%",2019,cuatro,19,04
5,"3,2%",2019,fdf,19,04
6,"2,9%",2019,energy,19,04
7,"2,7%",2019,neox,19,04
8,"2,5%",2019,divinity,19,04
9,"2,4%",2019,la2,19,04
10,"2,2%",2019,paramountchannel,19,04
11,"2,0%",2019,discoverymax,19,04
12,"1,8%",2019,clan,19,04
13,"1,8%",2019,nova,19,04
14,"1,7%",2019,13tv,19,04
15,"1,5%",2019,atreseries,19,04
16,"1,5%",2019,mega-espana,19,04
17,"1,4%",2019,dkiss,19,04
18,"1,3%",2019,disney-channel,19,04
19,"1,1%",2019,boing,19,04
20,"0,9%",2019,gol-television,19,04
21,"0,8%",2019,canal24horas,19,04
22,"0,8%",2019,bemadtv,19,04
23,"0,6%",2019,ten,19,04
24,"0,4%",2019,teledeporte,19,04
25,"0,3%",2019,real-madrid-tv,19,04
0,"10,9%",2019,telecinco,20,04
1,"10,7%",2019,antena3,20,04
2,"9,4%",2019,la1,20,04
3,"7,2%",2019,lasexta,20,04
4,"5,3%",2019,cuatro,20,04
5,"3,0%",2019,fdf,20,04
6,"2,5%",2019,paramountchannel,20,04
7,"2,5%",2019,neox,20,04
8,"2,5%",2019,energy,20,04
9,"2,3%",2019,la2,20,04
10,"2,2%",2019,clan,20,04
11,"2,2%",2019,13tv,20,04
12,"2,0%",2019,divinity,20,04
13,"1,6%",2019,discoverymax,20,04
14,"1,4%",2019,nova,20,04
15,"1,3%",2019,disney-channel,20,04
16,"1,3%",2019,mega-espana,20,04
17,"1,3%",2019,boing,20,04
18,"1,2%",2019,atreseries,20,04
19,"1,1%",2019,gol-television,20,04
20,"0,8%",2019,dkiss,20,04
21,"0,8%",2019,canal24horas,20,04
22,"0,7%",2019,bemadtv,20,04
23,"0,6%",2019,teledeporte,20,04
24,"0,4%",2019,ten,20,04
25,"0,3%",2019,real-madrid-tv,20,04
0,"10,8%",2019,antena3,21,04
1,"10,1%",2019,telecinco,21,04
2,"10,1%",2019,la1,21,04
3,"5,9%",2019,cuatro,21,04
4,"4,7%",2019,lasexta,21,04
5,"3,0%",2019,la2,21,04
6,"2,9%",2019,fdf,21,04
7,"2,7%",2019,energy,21,04
8,"2,7%",2019,divinity,21,04
9,"2,7%",2019,13tv,21,04
10,"2,4%",2019,neox,21,04
11,"2,2%",2019,nova,21,04
12,"2,0%",2019,clan,21,04
13,"1,8%",2019,paramountchannel,21,04
14,"1,8%",2019,mega-espana,21,04
15,"1,7%",2019,discoverymax,21,04
16,"1,4%",2019,gol-television,21,04
17,"1,3%",2019,atreseries,21,04
18,"1,2%",2019,boing,21,04
19,"1,0%",2019,canal24horas,21,04
20,"1,0%",2019,disney-channel,21,04
21,"0,9%",2019,bemadtv,21,04
22,"0,8%",2019,dkiss,21,04
23,"0,7%",2019,teledeporte,21,04
24,"0,5%",2019,real-madrid-tv,21,04
25,"0,3%",2019,ten,21,04
0,"14,6%",2019,la1,22,04
1,"13,5%",2019,telecinco,22,04
2,"10,5%",2019,antena3,22,04
3,"7,2%",2019,lasexta,22,04
4,"5,1%",2019,cuatro,22,04
5,"2,5%",2019,energy,22,04
6,"2,5%",2019,fdf,22,04
7,"2,4%",2019,divinity,22,04
8,"2,3%",2019,neox,22,04
9,"2,2%",2019,la2,22,04
10,"2,1%",2019,nova,22,04
11,"2,1%",2019,13tv,22,04
12,"2,0%",2019,paramountchannel,22,04
13,"1,8%",2019,discoverymax,22,04
14,"1,7%",2019,clan,22,04
15,"1,3%",2019,mega-espana,22,04
16,"1,2%",2019,canal24horas,22,04
17,"1,1%",2019,disney-channel,22,04
18,"1,1%",2019,atreseries,22,04
19,"1,1%",2019,boing,22,04
20,"0,9%",2019,gol-television,22,04
21,"0,8%",2019,dkiss,22,04
22,"0,6%",2019,bemadtv,22,04
23,"0,5%",2019,ten,22,04
24,"0,4%",2019,teledeporte,22,04
25,"0,2%",2019,real-madrid-tv,22,04
0,"16,5%",2019,antena3,23,04
1,"13,0%",2019,lasexta,23,04
2,"11,5%",2019,telecinco,23,04
3,"8,7%",2019,la1,23,04
4,"3,8%",2019,cuatro,23,04
5,"2,7%",2019,la2,23,04
6,"2,3%",2019,paramountchannel,23,04
7,"2,3%",2019,divinity,23,04
8,"2,3%",2019,fdf,23,04
9,"2,2%",2019,neox,23,04
10,"2,1%",2019,energy,23,04
11,"2,0%",2019,nova,23,04
12,"1,7%",2019,13tv,23,04
13,"1,7%",2019,clan,23,04
14,"1,5%",2019,discoverymax,23,04
15,"1,4%",2019,mega-espana,23,04
16,"1,0%",2019,atreseries,23,04
17,"0,8%",2019,dkiss,23,04
18,"0,8%",2019,boing,23,04
19,"0,8%",2019,gol-television,23,04
20,"0,8%",2019,disney-channel,23,04
21,"0,7%",2019,canal24horas,23,04
22,"0,6%",2019,bemadtv,23,04
23,"0,4%",2019,teledeporte,23,04
24,"0,4%",2019,ten,23,04
25,"0,2%",2019,real-madrid-tv,23,04
0,"16,1%",2019,telecinco,24,04
1,"12,6%",2019,antena3,24,04
2,"8,1%",2019,la1,24,04
3,"8,0%",2019,lasexta,24,04
4,"4,8%",2019,cuatro,24,04
5,"3,0%",2019,la2,24,04
6,"2,3%",2019,divinity,24,04
7,"2,3%",2019,nova,24,04
8,"2,2%",2019,neox,24,04
9,"2,1%",2019,13tv,24,04
10,"2,1%",2019,fdf,24,04
11,"1,8%",2019,energy,24,04
12,"1,8%",2019,paramountchannel,24,04
13,"1,7%",2019,clan,24,04
14,"1,6%",2019,mega-espana,24,04
15,"1,4%",2019,discoverymax,24,04
16,"1,4%",2019,gol-television,24,04
17,"1,2%",2019,atreseries,24,04
18,"1,0%",2019,canal24horas,24,04
19,"1,0%",2019,boing,24,04
20,"0,9%",2019,dkiss,24,04
21,"0,9%",2019,teledeporte,24,04
22,"0,8%",2019,disney-channel,24,04
23,"0,6%",2019,bemadtv,24,04
24,"0,4%",2019,ten,24,04
25,"0,2%",2019,real-madrid-tv,24,04
0,"20,5%",2019,telecinco,25,04
1,"11,4%",2019,antena3,25,04
2,"8,7%",2019,la1,25,04
3,"7,3%",2019,lasexta,25,04
4,"4,3%",2019,cuatro,25,04
5,"2,6%",2019,neox,25,04
6,"2,4%",2019,la2,25,04
7,"2,1%",2019,energy,25,04
8,"2,1%",2019,divinity,25,04
9,"2,1%",2019,fdf,25,04
10,"2,0%",2019,nova,25,04
11,"1,9%",2019,13tv,25,04
12,"1,9%",2019,clan,25,04
13,"1,8%",2019,paramountchannel,25,04
14,"1,5%",2019,discoverymax,25,04
15,"1,4%",2019,atreseries,25,04
16,"1,3%",2019,mega-espana,25,04
17,"0,9%",2019,dkiss,25,04
18,"0,9%",2019,boing,25,04
19,"0,9%",2019,disney-channel,25,04
20,"0,9%",2019,teledeporte,25,04
21,"0,8%",2019,gol-television,25,04
22,"0,8%",2019,canal24horas,25,04
23,"0,5%",2019,bemadtv,25,04
24,"0,4%",2019,ten,25,04
25,"0,3%",2019,real-madrid-tv,25,04
0,"15,7%",2019,telecinco,26,04
1,"11,9%",2019,antena3,26,04
2,"8,1%",2019,lasexta,26,04
3,"7,4%",2019,la1,26,04
4,"4,8%",2019,cuatro,26,04
5,"3,3%",2019,neox,26,04
6,"2,8%",2019,fdf,26,04
7,"2,6%",2019,nova,26,04
8,"2,5%",2019,la2,26,04
9,"2,5%",2019,paramountchannel,26,04
10,"2,4%",2019,energy,26,04
11,"2,4%",2019,divinity,26,04
12,"1,9%",2019,clan,26,04
13,"1,7%",2019,13tv,26,04
14,"1,5%",2019,mega-espana,26,04
15,"1,4%",2019,atreseries,26,04
16,"1,4%",2019,boing,26,04
17,"1,4%",2019,discoverymax,26,04
18,"1,2%",2019,dkiss,26,04
19,"1,0%",2019,disney-channel,26,04
20,"0,9%",2019,gol-television,26,04
21,"0,9%",2019,teledeporte,26,04
22,"0,6%",2019,canal24horas,26,04
23,"0,6%",2019,bemadtv,26,04
24,"0,5%",2019,ten,26,04
25,"0,1%",2019,real-madrid-tv,26,04
0,"12,3%",2019,telecinco,27,04
1,"11,6%",2019,antena3,27,04
2,"8,1%",2019,la1,27,04
3,"6,0%",2019,cuatro,27,04
4,"5,9%",2019,lasexta,27,04
5,"2,9%",2019,fdf,27,04
6,"2,8%",2019,la2,27,04
7,"2,6%",2019,neox,27,04
8,"2,6%",2019,energy,27,04
9,"2,4%",2019,paramountchannel,27,04
10,"2,1%",2019,clan,27,04
11,"2,0%",2019,divinity,27,04
12,"1,9%",2019,13tv,27,04
13,"1,5%",2019,atreseries,27,04
14,"1,5%",2019,nova,27,04
15,"1,4%",2019,mega-espana,27,04
16,"1,4%",2019,discoverymax,27,04
17,"1,4%",2019,boing,27,04
18,"1,2%",2019,disney-channel,27,04
19,"1,1%",2019,gol-television,27,04
20,"1,0%",2019,dkiss,27,04
21,"0,9%",2019,canal24horas,27,04
22,"0,8%",2019,bemadtv,27,04
23,"0,7%",2019,teledeporte,27,04
24,"0,5%",2019,ten,27,04
25,"0,3%",2019,real-madrid-tv,27,04
0,"13,8%",2019,lasexta,28,04
1,"10,0%",2019,la1,28,04
2,"9,3%",2019,telecinco,28,04
3,"9,1%",2019,antena3,28,04
4,"4,5%",2019,cuatro,28,04
5,"2,6%",2019,energy,28,04
6,"2,6%",2019,fdf,28,04
7,"2,4%",2019,canal24horas,28,04
8,"2,2%",2019,nova,28,04
9,"2,2%",2019,paramountchannel,28,04
10,"2,1%",2019,13tv,28,04
11,"2,1%",2019,neox,28,04
12,"1,9%",2019,divinity,28,04
13,"1,9%",2019,la2,28,04
14,"1,5%",2019,clan,28,04
15,"1,4%",2019,atreseries,28,04
16,"1,4%",2019,discoverymax,28,04
17,"1,3%",2019,mega-espana,28,04
18,"1,0%",2019,boing,28,04
19,"0,9%",2019,disney-channel,28,04
20,"0,9%",2019,gol-television,28,04
21,"0,7%",2019,bemadtv,28,04
22,"0,7%",2019,dkiss,28,04
23,"0,6%",2019,teledeporte,28,04
24,"0,4%",2019,ten,28,04
25,"0,3%",2019,real-madrid-tv,28,04
0,"17,2%",2019,telecinco,29,04
1,"11,3%",2019,antena3,29,04
2,"9,0%",2019,lasexta,29,04
3,"8,8%",2019,la1,29,04
4,"4,9%",2019,cuatro,29,04
5,"2,7%",2019,fdf,29,04
6,"2,6%",2019,la2,29,04
7,"2,5%",2019,divinity,29,04
8,"2,4%",2019,nova,29,04
9,"2,2%",2019,13tv,29,04
10,"2,2%",2019,neox,29,04
11,"2,0%",2019,energy,29,04
12,"1,8%",2019,paramountchannel,29,04
13,"1,6%",2019,gol-television,29,04
14,"1,6%",2019,discoverymax,29,04
15,"1,6%",2019,clan,29,04
16,"1,4%",2019,mega-espana,29,04
17,"1,4%",2019,canal24horas,29,04
18,"1,1%",2019,atreseries,29,04
19,"0,9%",2019,dkiss,29,04
20,"0,8%",2019,boing,29,04
21,"0,6%",2019,disney-channel,29,04
22,"0,6%",2019,bemadtv,29,04
23,"0,4%",2019,ten,29,04
24,"0,3%",2019,teledeporte,29,04
25,"0,1%",2019,real-madrid-tv,29,04
0,"13,9%",2019,telecinco,30,04
1,"11,9%",2019,antena3,30,04
2,"9,8%",2019,la1,30,04
3,"8,4%",2019,lasexta,30,04
4,"8,0%",2019,cuatro,30,04
5,"2,6%",2019,fdf,30,04
6,"2,4%",2019,la2,30,04
7,"2,2%",2019,neox,30,04
8,"2,2%",2019,divinity,30,04
9,"2,2%",2019,paramountchannel,30,04
10,"2,2%",2019,energy,30,04
11,"2,1%",2019,nova,30,04
12,"1,9%",2019,13tv,30,04
13,"1,6%",2019,clan,30,04
14,"1,5%",2019,discoverymax,30,04
15,"1,4%",2019,mega-espana,30,04
16,"1,3%",2019,canal24horas,30,04
17,"1,1%",2019,atreseries,30,04
18,"1,0%",2019,boing,30,04
19,"0,9%",2019,disney-channel,30,04
20,"0,8%",2019,dkiss,30,04
21,"0,8%",2019,gol-television,30,04
22,"0,5%",2019,ten,30,04
23,"0,4%",2019,bemadtv,30,04
24,"0,3%",2019,teledeporte,30,04
25,"0,2%",2019,real-madrid-tv,30,04
