Audiencia,Cadena,Fecha
"14,9%",la1,2020-01-01
"11,6%",antena3,2020-01-01
"10,3%",telecinco,2020-01-01
"5,8%",cuatro,2020-01-01
"4,7%",lasexta,2020-01-01
"3,7%",la2,2020-01-01
"2,5%",13tv,2020-01-01
"2,4%",fdf,2020-01-01
"2,2%",energy,2020-01-01
"2,1%",paramountchannel,2020-01-01
"2,0%",nova,2020-01-01
"2,0%",clan,2020-01-01
"1,9%",discoverymax,2020-01-01
"1,8%",neox,2020-01-01
"1,6%",mega-espana,2020-01-01
"1,5%",atreseries,2020-01-01
"1,5%",divinity,2020-01-01
"1,0%",boing,2020-01-01
"1,0%",bemadtv,2020-01-01
"0,8%",disney-channel,2020-01-01
"0,8%",canal24horas,2020-01-01
"0,7%",dkiss,2020-01-01
"0,6%",gol-television,2020-01-01
"0,6%",ten,2020-01-01
"0,5%",teledeporte,2020-01-01
"0,2%",real-madrid-tv,2020-01-01
"14,2%",telecinco,2020-01-02
"11,4%",antena3,2020-01-02
"9,8%",la1,2020-01-02
"7,1%",lasexta,2020-01-02
"4,3%",cuatro,2020-01-02
"3,5%",fdf,2020-01-02
"2,7%",la2,2020-01-02
"2,5%",energy,2020-01-02
"2,3%",paramountchannel,2020-01-02
"2,2%",clan,2020-01-02
"2,2%",neox,2020-01-02
"2,1%",nova,2020-01-02
"2,0%",13tv,2020-01-02
"1,9%",divinity,2020-01-02
"1,8%",atreseries,2020-01-02
"1,8%",discoverymax,2020-01-02
"1,5%",boing,2020-01-02
"1,4%",disney-channel,2020-01-02
"1,4%",mega-espana,2020-01-02
"1,0%",dkiss,2020-01-02
"0,7%",gol-television,2020-01-02
"0,7%",canal24horas,2020-01-02
"0,6%",ten,2020-01-02
"0,6%",bemadtv,2020-01-02
"0,4%",teledeporte,2020-01-02
"0,3%",real-madrid-tv,2020-01-02
"13,5%",telecinco,2020-01-03
"11,5%",antena3,2020-01-03
"9,8%",la1,2020-01-03
"7,2%",lasexta,2020-01-03
"4,0%",cuatro,2020-01-03
"3,1%",fdf,2020-01-03
"2,9%",energy,2020-01-03
"2,5%",clan,2020-01-03
"2,3%",nova,2020-01-03
"2,2%",neox,2020-01-03
"2,2%",la2,2020-01-03
"2,1%",discoverymax,2020-01-03
"2,0%",paramountchannel,2020-01-03
"1,7%",atreseries,2020-01-03
"1,7%",13tv,2020-01-03
"1,7%",divinity,2020-01-03
"1,6%",boing,2020-01-03
"1,5%",mega-espana,2020-01-03
"1,2%",dkiss,2020-01-03
"1,0%",disney-channel,2020-01-03
"0,8%",canal24horas,2020-01-03
"0,7%",gol-television,2020-01-03
"0,5%",bemadtv,2020-01-03
"0,4%",ten,2020-01-03
"0,3%",teledeporte,2020-01-03
"0,3%",real-madrid-tv,2020-01-03
"11,5%",telecinco,2020-01-04
"10,1%",la1,2020-01-04
"8,9%",antena3,2020-01-04
"7,4%",lasexta,2020-01-04
"5,2%",cuatro,2020-01-04
"2,7%",energy,2020-01-04
"2,6%",canal24horas,2020-01-04
"2,6%",la2,2020-01-04
"2,6%",fdf,2020-01-04
"2,2%",clan,2020-01-04
"2,2%",paramountchannel,2020-01-04
"1,9%",discoverymax,2020-01-04
"1,9%",neox,2020-01-04
"1,8%",13tv,2020-01-04
"1,7%",nova,2020-01-04
"1,7%",divinity,2020-01-04
"1,3%",atreseries,2020-01-04
"1,3%",mega-espana,2020-01-04
"1,2%",boing,2020-01-04
"1,0%",disney-channel,2020-01-04
"0,9%",dkiss,2020-01-04
"0,9%",gol-television,2020-01-04
"0,7%",teledeporte,2020-01-04
"0,7%",bemadtv,2020-01-04
"0,4%",ten,2020-01-04
"0,4%",real-madrid-tv,2020-01-04
"12,0%",la1,2020-01-05
"10,2%",telecinco,2020-01-05
"8,8%",antena3,2020-01-05
"5,8%",lasexta,2020-01-05
"5,5%",cuatro,2020-01-05
"3,1%",la2,2020-01-05
"2,8%",fdf,2020-01-05
"2,8%",energy,2020-01-05
"2,2%",divinity,2020-01-05
"2,2%",neox,2020-01-05
"2,1%",clan,2020-01-05
"2,1%",nova,2020-01-05
"2,1%",13tv,2020-01-05
"1,9%",discoverymax,2020-01-05
"1,7%",atreseries,2020-01-05
"1,7%",paramountchannel,2020-01-05
"1,5%",gol-television,2020-01-05
"1,4%",mega-espana,2020-01-05
"1,4%",boing,2020-01-05
"1,2%",canal24horas,2020-01-05
"1,1%",dkiss,2020-01-05
"1,0%",disney-channel,2020-01-05
"0,8%",bemadtv,2020-01-05
"0,6%",teledeporte,2020-01-05
"0,4%",ten,2020-01-05
"0,4%",real-madrid-tv,2020-01-05
"12,0%",la1,2020-01-06
"10,0%",antena3,2020-01-06
"9,7%",telecinco,2020-01-06
"5,7%",cuatro,2020-01-06
"5,4%",lasexta,2020-01-06
"3,6%",la2,2020-01-06
"3,0%",fdf,2020-01-06
"2,7%",energy,2020-01-06
"2,4%",paramountchannel,2020-01-06
"2,3%",13tv,2020-01-06
"2,2%",discoverymax,2020-01-06
"2,2%",nova,2020-01-06
"1,9%",neox,2020-01-06
"1,7%",mega-espana,2020-01-06
"1,7%",divinity,2020-01-06
"1,6%",atreseries,2020-01-06
"1,6%",clan,2020-01-06
"1,4%",canal24horas,2020-01-06
"1,2%",bemadtv,2020-01-06
"1,1%",dkiss,2020-01-06
"0,9%",boing,2020-01-06
"0,9%",teledeporte,2020-01-06
"0,7%",gol-television,2020-01-06
"0,6%",disney-channel,2020-01-06
"0,6%",ten,2020-01-06
"0,3%",real-madrid-tv,2020-01-06
"11,8%",telecinco,2020-01-07
"11,1%",antena3,2020-01-07
"11,0%",la1,2020-01-07
"9,4%",lasexta,2020-01-07
"5,2%",cuatro,2020-01-07
"2,9%",la2,2020-01-07
"2,6%",fdf,2020-01-07
"2,5%",energy,2020-01-07
"2,3%",nova,2020-01-07
"2,3%",13tv,2020-01-07
"2,1%",clan,2020-01-07
"2,0%",neox,2020-01-07
"1,7%",paramountchannel,2020-01-07
"1,7%",atreseries,2020-01-07
"1,6%",divinity,2020-01-07
"1,5%",mega-espana,2020-01-07
"1,5%",canal24horas,2020-01-07
"1,4%",discoverymax,2020-01-07
"1,2%",boing,2020-01-07
"1,0%",dkiss,2020-01-07
"0,9%",gol-television,2020-01-07
"0,9%",disney-channel,2020-01-07
"0,7%",bemadtv,2020-01-07
"0,6%",teledeporte,2020-01-07
"0,5%",ten,2020-01-07
"0,3%",real-madrid-tv,2020-01-07
"14,1%",antena3,2020-01-08
"13,2%",telecinco,2020-01-08
"9,2%",la1,2020-01-08
"7,9%",lasexta,2020-01-08
"5,1%",cuatro,2020-01-08
"3,2%",la2,2020-01-08
"2,7%",nova,2020-01-08
"2,4%",fdf,2020-01-08
"2,3%",energy,2020-01-08
"2,2%",13tv,2020-01-08
"1,8%",neox,2020-01-08
"1,7%",discoverymax,2020-01-08
"1,7%",clan,2020-01-08
"1,7%",paramountchannel,2020-01-08
"1,6%",atreseries,2020-01-08
"1,6%",divinity,2020-01-08
"1,5%",mega-espana,2020-01-08
"1,0%",canal24horas,2020-01-08
"1,0%",gol-television,2020-01-08
"1,0%",boing,2020-01-08
"0,9%",dkiss,2020-01-08
"0,9%",teledeporte,2020-01-08
"0,7%",disney-channel,2020-01-08
"0,6%",ten,2020-01-08
"0,6%",real-madrid-tv,2020-01-08
"0,5%",bemadtv,2020-01-08
"14,3%",telecinco,2020-01-09
"11,4%",antena3,2020-01-09
"9,5%",la1,2020-01-09
"8,3%",lasexta,2020-01-09
"5,4%",cuatro,2020-01-09
"2,7%",la2,2020-01-09
"2,7%",fdf,2020-01-09
"2,5%",energy,2020-01-09
"2,4%",nova,2020-01-09
"2,1%",neox,2020-01-09
"2,0%",divinity,2020-01-09
"1,9%",13tv,2020-01-09
"1,8%",atreseries,2020-01-09
"1,8%",clan,2020-01-09
"1,8%",mega-espana,2020-01-09
"1,6%",paramountchannel,2020-01-09
"1,5%",discoverymax,2020-01-09
"1,2%",gol-television,2020-01-09
"1,0%",boing,2020-01-09
"0,9%",dkiss,2020-01-09
"0,8%",canal24horas,2020-01-09
"0,7%",disney-channel,2020-01-09
"0,7%",teledeporte,2020-01-09
"0,6%",ten,2020-01-09
"0,5%",bemadtv,2020-01-09
"0,2%",real-madrid-tv,2020-01-09
"14,7%",antena3,2020-01-10
"14,6%",telecinco,2020-01-10
"8,9%",la1,2020-01-10
"7,2%",lasexta,2020-01-10
"4,4%",cuatro,2020-01-10
"2,8%",fdf,2020-01-10
"2,7%",la2,2020-01-10
"2,4%",energy,2020-01-10
"2,3%",neox,2020-01-10
"2,3%",clan,2020-01-10
"2,3%",nova,2020-01-10
"1,8%",13tv,2020-01-10
"1,7%",divinity,2020-01-10
"1,7%",mega-espana,2020-01-10
"1,6%",paramountchannel,2020-01-10
"1,5%",discoverymax,2020-01-10
"1,5%",atreseries,2020-01-10
"1,2%",dkiss,2020-01-10
"1,2%",boing,2020-01-10
"1,1%",teledeporte,2020-01-10
"0,8%",gol-television,2020-01-10
"0,8%",disney-channel,2020-01-10
"0,6%",canal24horas,2020-01-10
"0,4%",ten,2020-01-10
"0,4%",bemadtv,2020-01-10
"0,3%",real-madrid-tv,2020-01-10
"13,9%",telecinco,2020-01-11
"9,8%",antena3,2020-01-11
"9,7%",la1,2020-01-11
"5,9%",lasexta,2020-01-11
"5,8%",cuatro,2020-01-11
"2,9%",fdf,2020-01-11
"2,9%",la2,2020-01-11
"2,9%",energy,2020-01-11
"2,8%",13tv,2020-01-11
"2,5%",clan,2020-01-11
"2,3%",neox,2020-01-11
"2,0%",paramountchannel,2020-01-11
"1,8%",teledeporte,2020-01-11
"1,5%",divinity,2020-01-11
"1,5%",discoverymax,2020-01-11
"1,4%",atreseries,2020-01-11
"1,3%",nova,2020-01-11
"1,3%",boing,2020-01-11
"1,3%",mega-espana,2020-01-11
"1,0%",disney-channel,2020-01-11
"0,9%",canal24horas,2020-01-11
"0,8%",bemadtv,2020-01-11
"0,8%",dkiss,2020-01-11
"0,6%",gol-television,2020-01-11
"0,5%",ten,2020-01-11
"0,3%",real-madrid-tv,2020-01-11
"13,0%",telecinco,2020-01-12
"10,9%",antena3,2020-01-12
"10,6%",la1,2020-01-12
"5,1%",lasexta,2020-01-12
"5,0%",cuatro,2020-01-12
"3,1%",13tv,2020-01-12
"2,8%",la2,2020-01-12
"2,5%",neox,2020-01-12
"2,5%",fdf,2020-01-12
"2,5%",energy,2020-01-12
"2,1%",nova,2020-01-12
"2,0%",paramountchannel,2020-01-12
"1,8%",clan,2020-01-12
"1,8%",divinity,2020-01-12
"1,7%",mega-espana,2020-01-12
"1,5%",discoverymax,2020-01-12
"1,3%",atreseries,2020-01-12
"1,1%",gol-television,2020-01-12
"1,1%",boing,2020-01-12
"0,9%",bemadtv,2020-01-12
"0,9%",dkiss,2020-01-12
"0,7%",canal24horas,2020-01-12
"0,7%",disney-channel,2020-01-12
"0,7%",teledeporte,2020-01-12
"0,6%",real-madrid-tv,2020-01-12
"0,4%",ten,2020-01-12
"15,3%",telecinco,2020-01-13
"11,6%",antena3,2020-01-13
"9,6%",la1,2020-01-13
"7,9%",lasexta,2020-01-13
"5,6%",cuatro,2020-01-13
"2,8%",la2,2020-01-13
"2,6%",fdf,2020-01-13
"2,5%",13tv,2020-01-13
"2,5%",energy,2020-01-13
"2,3%",nova,2020-01-13
"2,0%",neox,2020-01-13
"1,8%",divinity,2020-01-13
"1,7%",mega-espana,2020-01-13
"1,7%",clan,2020-01-13
"1,6%",paramountchannel,2020-01-13
"1,6%",atreseries,2020-01-13
"1,5%",discoverymax,2020-01-13
"1,0%",boing,2020-01-13
"0,9%",dkiss,2020-01-13
"0,8%",gol-television,2020-01-13
"0,8%",canal24horas,2020-01-13
"0,8%",disney-channel,2020-01-13
"0,7%",teledeporte,2020-01-13
"0,6%",bemadtv,2020-01-13
"0,4%",ten,2020-01-13
"0,4%",real-madrid-tv,2020-01-13
"14,3%",telecinco,2020-01-14
"11,9%",antena3,2020-01-14
"9,1%",la1,2020-01-14
"8,1%",lasexta,2020-01-14
"6,9%",cuatro,2020-01-14
"2,8%",fdf,2020-01-14
"2,8%",la2,2020-01-14
"2,5%",nova,2020-01-14
"2,3%",energy,2020-01-14
"2,2%",13tv,2020-01-14
"1,9%",neox,2020-01-14
"1,8%",clan,2020-01-14
"1,7%",divinity,2020-01-14
"1,6%",atreseries,2020-01-14
"1,6%",mega-espana,2020-01-14
"1,5%",discoverymax,2020-01-14
"1,5%",paramountchannel,2020-01-14
"1,0%",dkiss,2020-01-14
"1,0%",boing,2020-01-14
"1,0%",canal24horas,2020-01-14
"0,7%",gol-television,2020-01-14
"0,7%",disney-channel,2020-01-14
"0,6%",teledeporte,2020-01-14
"0,6%",ten,2020-01-14
"0,6%",bemadtv,2020-01-14
"0,2%",real-madrid-tv,2020-01-14
"14,9%",telecinco,2020-01-15
"12,2%",antena3,2020-01-15
"9,2%",la1,2020-01-15
"7,5%",lasexta,2020-01-15
"5,3%",cuatro,2020-01-15
"2,9%",fdf,2020-01-15
"2,8%",la2,2020-01-15
"2,8%",nova,2020-01-15
"2,4%",energy,2020-01-15
"2,3%",13tv,2020-01-15
"2,1%",neox,2020-01-15
"2,0%",divinity,2020-01-15
"1,9%",clan,2020-01-15
"1,7%",mega-espana,2020-01-15
"1,6%",paramountchannel,2020-01-15
"1,5%",atreseries,2020-01-15
"1,5%",discoverymax,2020-01-15
"1,1%",gol-television,2020-01-15
"1,0%",dkiss,2020-01-15
"0,9%",boing,2020-01-15
"0,8%",canal24horas,2020-01-15
"0,7%",disney-channel,2020-01-15
"0,6%",ten,2020-01-15
"0,5%",teledeporte,2020-01-15
"0,5%",bemadtv,2020-01-15
"0,2%",real-madrid-tv,2020-01-15
"15,6%",telecinco,2020-01-16
"11,5%",antena3,2020-01-16
"10,3%",la1,2020-01-16
"7,6%",lasexta,2020-01-16
"5,1%",cuatro,2020-01-16
"2,7%",la2,2020-01-16
"2,6%",fdf,2020-01-16
"2,6%",nova,2020-01-16
"2,5%",energy,2020-01-16
"2,3%",13tv,2020-01-16
"2,3%",divinity,2020-01-16
"1,9%",neox,2020-01-16
"1,8%",clan,2020-01-16
"1,7%",mega-espana,2020-01-16
"1,6%",discoverymax,2020-01-16
"1,6%",paramountchannel,2020-01-16
"1,5%",atreseries,2020-01-16
"1,1%",dkiss,2020-01-16
"0,9%",boing,2020-01-16
"0,9%",gol-television,2020-01-16
"0,8%",teledeporte,2020-01-16
"0,7%",canal24horas,2020-01-16
"0,7%",disney-channel,2020-01-16
"0,6%",ten,2020-01-16
"0,5%",bemadtv,2020-01-16
"0,3%",real-madrid-tv,2020-01-16
"14,1%",antena3,2020-01-17
"14,0%",telecinco,2020-01-17
"9,4%",la1,2020-01-17
"7,1%",lasexta,2020-01-17
"5,8%",cuatro,2020-01-17
"2,6%",fdf,2020-01-17
"2,6%",energy,2020-01-17
"2,5%",nova,2020-01-17
"2,3%",la2,2020-01-17
"2,1%",neox,2020-01-17
"2,0%",13tv,2020-01-17
"2,0%",clan,2020-01-17
"1,7%",divinity,2020-01-17
"1,6%",atreseries,2020-01-17
"1,6%",paramountchannel,2020-01-17
"1,6%",mega-espana,2020-01-17
"1,5%",discoverymax,2020-01-17
"1,2%",dkiss,2020-01-17
"1,1%",boing,2020-01-17
"0,9%",disney-channel,2020-01-17
"0,8%",gol-television,2020-01-17
"0,7%",canal24horas,2020-01-17
"0,5%",teledeporte,2020-01-17
"0,5%",ten,2020-01-17
"0,4%",bemadtv,2020-01-17
"0,2%",real-madrid-tv,2020-01-17
"12,9%",telecinco,2020-01-18
"10,3%",antena3,2020-01-18
"9,3%",la1,2020-01-18
"6,2%",lasexta,2020-01-18
"5,9%",cuatro,2020-01-18
"2,9%",fdf,2020-01-18
"2,4%",la2,2020-01-18
"2,3%",neox,2020-01-18
"2,2%",energy,2020-01-18
"2,1%",clan,2020-01-18
"1,6%",13tv,2020-01-18
"1,6%",divinity,2020-01-18
"1,6%",paramountchannel,2020-01-18
"1,5%",boing,2020-01-18
"1,5%",discoverymax,2020-01-18
"1,4%",atreseries,2020-01-18
"1,3%",nova,2020-01-18
"1,3%",mega-espana,2020-01-18
"1,2%",disney-channel,2020-01-18
"1,0%",canal24horas,2020-01-18
"1,0%",gol-television,2020-01-18
"0,9%",bemadtv,2020-01-18
"0,8%",dkiss,2020-01-18
"0,8%",teledeporte,2020-01-18
"0,5%",ten,2020-01-18
"0,4%",real-madrid-tv,2020-01-18
"12,2%",telecinco,2020-01-19
"10,6%",antena3,2020-01-19
"10,4%",la1,2020-01-19
"5,5%",cuatro,2020-01-19
"5,2%",lasexta,2020-01-19
"2,9%",la2,2020-01-19
"2,8%",13tv,2020-01-19
"2,5%",energy,2020-01-19
"2,4%",fdf,2020-01-19
"2,3%",neox,2020-01-19
"1,9%",paramountchannel,2020-01-19
"1,8%",nova,2020-01-19
"1,8%",clan,2020-01-19
"1,7%",divinity,2020-01-19
"1,7%",discoverymax,2020-01-19
"1,6%",mega-espana,2020-01-19
"1,5%",gol-television,2020-01-19
"1,3%",atreseries,2020-01-19
"1,1%",boing,2020-01-19
"1,0%",dkiss,2020-01-19
"0,9%",canal24horas,2020-01-19
"0,9%",bemadtv,2020-01-19
"0,8%",disney-channel,2020-01-19
"0,4%",teledeporte,2020-01-19
"0,3%",ten,2020-01-19
"0,3%",real-madrid-tv,2020-01-19
"14,2%",telecinco,2020-01-20
"11,7%",antena3,2020-01-20
"9,7%",la1,2020-01-20
"8,1%",lasexta,2020-01-20
"5,1%",cuatro,2020-01-20
"2,9%",la2,2020-01-20
"2,6%",fdf,2020-01-20
"2,4%",energy,2020-01-20
"2,4%",nova,2020-01-20
"2,2%",13tv,2020-01-20
"2,0%",neox,2020-01-20
"1,8%",divinity,2020-01-20
"1,8%",clan,2020-01-20
"1,7%",mega-espana,2020-01-20
"1,6%",discoverymax,2020-01-20
"1,5%",paramountchannel,2020-01-20
"1,3%",atreseries,2020-01-20
"1,0%",boing,2020-01-20
"0,9%",dkiss,2020-01-20
"0,9%",canal24horas,2020-01-20
"0,8%",gol-television,2020-01-20
"0,7%",disney-channel,2020-01-20
"0,7%",teledeporte,2020-01-20
"0,7%",bemadtv,2020-01-20
"0,5%",ten,2020-01-20
"0,2%",real-madrid-tv,2020-01-20
"14,2%",telecinco,2020-01-21
"11,2%",antena3,2020-01-21
"9,5%",la1,2020-01-21
"8,0%",lasexta,2020-01-21
"7,8%",cuatro,2020-01-21
"2,7%",la2,2020-01-21
"2,6%",fdf,2020-01-21
"2,3%",nova,2020-01-21
"2,3%",energy,2020-01-21
"2,2%",13tv,2020-01-21
"2,0%",neox,2020-01-21
"1,9%",clan,2020-01-21
"1,8%",divinity,2020-01-21
"1,6%",discoverymax,2020-01-21
"1,5%",mega-espana,2020-01-21
"1,5%",atreseries,2020-01-21
"1,4%",paramountchannel,2020-01-21
"1,0%",boing,2020-01-21
"0,8%",dkiss,2020-01-21
"0,8%",gol-television,2020-01-21
"0,8%",canal24horas,2020-01-21
"0,8%",disney-channel,2020-01-21
"0,5%",ten,2020-01-21
"0,5%",bemadtv,2020-01-21
"0,4%",teledeporte,2020-01-21
"0,2%",real-madrid-tv,2020-01-21
"15,1%",telecinco,2020-01-22
"11,9%",antena3,2020-01-22
"8,9%",la1,2020-01-22
"7,6%",cuatro,2020-01-22
"6,8%",lasexta,2020-01-22
"2,7%",fdf,2020-01-22
"2,5%",la2,2020-01-22
"2,4%",nova,2020-01-22
"2,3%",energy,2020-01-22
"2,0%",13tv,2020-01-22
"2,0%",divinity,2020-01-22
"1,8%",clan,2020-01-22
"1,8%",mega-espana,2020-01-22
"1,8%",neox,2020-01-22
"1,6%",atreseries,2020-01-22
"1,4%",discoverymax,2020-01-22
"1,3%",paramountchannel,2020-01-22
"1,1%",boing,2020-01-22
"1,1%",gol-television,2020-01-22
"0,9%",dkiss,2020-01-22
"0,8%",canal24horas,2020-01-22
"0,8%",disney-channel,2020-01-22
"0,7%",teledeporte,2020-01-22
"0,5%",ten,2020-01-22
"0,4%",bemadtv,2020-01-22
"0,3%",real-madrid-tv,2020-01-22
"16,9%",telecinco,2020-01-23
"11,8%",antena3,2020-01-23
"9,9%",la1,2020-01-23
"7,5%",lasexta,2020-01-23
"6,0%",cuatro,2020-01-23
"2,5%",fdf,2020-01-23
"2,3%",nova,2020-01-23
"2,2%",la2,2020-01-23
"2,1%",energy,2020-01-23
"2,1%",divinity,2020-01-23
"2,0%",13tv,2020-01-23
"1,9%",neox,2020-01-23
"1,9%",clan,2020-01-23
"1,8%",mega-espana,2020-01-23
"1,6%",atreseries,2020-01-23
"1,6%",discoverymax,2020-01-23
"1,5%",paramountchannel,2020-01-23
"1,0%",boing,2020-01-23
"0,9%",dkiss,2020-01-23
"0,9%",canal24horas,2020-01-23
"0,8%",gol-television,2020-01-23
"0,7%",disney-channel,2020-01-23
"0,7%",ten,2020-01-23
"0,5%",teledeporte,2020-01-23
"0,4%",bemadtv,2020-01-23
"0,2%",real-madrid-tv,2020-01-23
"14,6%",antena3,2020-01-24
"13,7%",telecinco,2020-01-24
"10,0%",la1,2020-01-24
"7,0%",lasexta,2020-01-24
"6,3%",cuatro,2020-01-24
"2,6%",fdf,2020-01-24
"2,6%",energy,2020-01-24
"2,2%",la2,2020-01-24
"2,1%",nova,2020-01-24
"2,0%",13tv,2020-01-24
"1,9%",clan,2020-01-24
"1,8%",neox,2020-01-24
"1,8%",divinity,2020-01-24
"1,6%",atreseries,2020-01-24
"1,6%",discoverymax,2020-01-24
"1,4%",mega-espana,2020-01-24
"1,3%",paramountchannel,2020-01-24
"1,1%",teledeporte,2020-01-24
"1,1%",gol-television,2020-01-24
"1,1%",boing,2020-01-24
"0,9%",dkiss,2020-01-24
"0,9%",disney-channel,2020-01-24
"0,7%",canal24horas,2020-01-24
"0,5%",ten,2020-01-24
"0,5%",bemadtv,2020-01-24
"0,2%",real-madrid-tv,2020-01-24
"14,8%",la1,2020-01-25
"11,8%",telecinco,2020-01-25
"9,1%",antena3,2020-01-25
"5,4%",cuatro,2020-01-25
"5,1%",lasexta,2020-01-25
"3,0%",fdf,2020-01-25
"2,4%",la2,2020-01-25
"2,4%",energy,2020-01-25
"2,2%",paramountchannel,2020-01-25
"2,1%",clan,2020-01-25
"2,1%",neox,2020-01-25
"2,1%",13tv,2020-01-25
"1,8%",nova,2020-01-25
"1,6%",atreseries,2020-01-25
"1,6%",discoverymax,2020-01-25
"1,5%",divinity,2020-01-25
"1,3%",mega-espana,2020-01-25
"1,3%",gol-television,2020-01-25
"1,2%",boing,2020-01-25
"1,1%",disney-channel,2020-01-25
"0,9%",canal24horas,2020-01-25
"0,8%",dkiss,2020-01-25
"0,8%",teledeporte,2020-01-25
"0,5%",bemadtv,2020-01-25
"0,4%",ten,2020-01-25
"0,3%",real-madrid-tv,2020-01-25
"12,9%",telecinco,2020-01-26
"11,7%",antena3,2020-01-26
"9,5%",la1,2020-01-26
"5,9%",cuatro,2020-01-26
"4,9%",lasexta,2020-01-26
"3,0%",la2,2020-01-26
"2,7%",energy,2020-01-26
"2,4%",neox,2020-01-26
"2,3%",fdf,2020-01-26
"2,2%",13tv,2020-01-26
"1,9%",divinity,2020-01-26
"1,8%",nova,2020-01-26
"1,8%",clan,2020-01-26
"1,8%",paramountchannel,2020-01-26
"1,7%",discoverymax,2020-01-26
"1,6%",mega-espana,2020-01-26
"1,5%",atreseries,2020-01-26
"1,5%",gol-television,2020-01-26
"1,3%",teledeporte,2020-01-26
"1,2%",boing,2020-01-26
"1,0%",canal24horas,2020-01-26
"0,9%",disney-channel,2020-01-26
"0,8%",dkiss,2020-01-26
"0,7%",bemadtv,2020-01-26
"0,4%",ten,2020-01-26
"0,4%",real-madrid-tv,2020-01-26
"15,0%",telecinco,2020-01-27
"12,4%",antena3,2020-01-27
"10,2%",la1,2020-01-27
"7,7%",lasexta,2020-01-27
"5,6%",cuatro,2020-01-27
"2,7%",la2,2020-01-27
"2,4%",13tv,2020-01-27
"2,3%",fdf,2020-01-27
"2,3%",energy,2020-01-27
"2,3%",nova,2020-01-27
"2,0%",divinity,2020-01-27
"1,8%",paramountchannel,2020-01-27
"1,7%",neox,2020-01-27
"1,7%",clan,2020-01-27
"1,5%",mega-espana,2020-01-27
"1,5%",atreseries,2020-01-27
"1,4%",discoverymax,2020-01-27
"1,0%",boing,2020-01-27
"0,9%",dkiss,2020-01-27
"0,9%",canal24horas,2020-01-27
"0,8%",gol-television,2020-01-27
"0,8%",disney-channel,2020-01-27
"0,6%",ten,2020-01-27
"0,5%",bemadtv,2020-01-27
"0,4%",teledeporte,2020-01-27
"0,3%",real-madrid-tv,2020-01-27
"14,4%",telecinco,2020-01-28
"12,1%",antena3,2020-01-28
"9,3%",la1,2020-01-28
"8,3%",cuatro,2020-01-28
"7,4%",lasexta,2020-01-28
"2,9%",la2,2020-01-28
"2,5%",fdf,2020-01-28
"2,4%",nova,2020-01-28
"2,3%",energy,2020-01-28
"2,2%",13tv,2020-01-28
"1,9%",neox,2020-01-28
"1,8%",divinity,2020-01-28
"1,7%",clan,2020-01-28
"1,6%",atreseries,2020-01-28
"1,6%",mega-espana,2020-01-28
"1,5%",discoverymax,2020-01-28
"1,5%",paramountchannel,2020-01-28
"1,0%",dkiss,2020-01-28
"0,9%",gol-television,2020-01-28
"0,8%",boing,2020-01-28
"0,7%",canal24horas,2020-01-28
"0,7%",ten,2020-01-28
"0,6%",disney-channel,2020-01-28
"0,4%",teledeporte,2020-01-28
"0,4%",bemadtv,2020-01-28
"0,2%",real-madrid-tv,2020-01-28
"14,7%",telecinco,2020-01-29
"13,2%",antena3,2020-01-29
"8,7%",la1,2020-01-29
"7,4%",cuatro,2020-01-29
"6,9%",lasexta,2020-01-29
"3,0%",la2,2020-01-29
"2,4%",fdf,2020-01-29
"2,4%",nova,2020-01-29
"2,3%",energy,2020-01-29
"2,1%",13tv,2020-01-29
"1,9%",neox,2020-01-29
"1,9%",divinity,2020-01-29
"1,8%",mega-espana,2020-01-29
"1,7%",discoverymax,2020-01-29
"1,7%",paramountchannel,2020-01-29
"1,6%",clan,2020-01-29
"1,5%",atreseries,2020-01-29
"1,0%",dkiss,2020-01-29
"1,0%",boing,2020-01-29
"0,9%",gol-television,2020-01-29
"0,9%",canal24horas,2020-01-29
"0,7%",disney-channel,2020-01-29
"0,7%",ten,2020-01-29
"0,4%",teledeporte,2020-01-29
"0,4%",bemadtv,2020-01-29
"0,3%",real-madrid-tv,2020-01-29
"16,1%",telecinco,2020-01-30
"11,8%",antena3,2020-01-30
"10,0%",la1,2020-01-30
"7,7%",lasexta,2020-01-30
"5,5%",cuatro,2020-01-30
"2,6%",fdf,2020-01-30
"2,6%",la2,2020-01-30
"2,5%",nova,2020-01-30
"2,1%",energy,2020-01-30
"2,1%",13tv,2020-01-30
"2,1%",divinity,2020-01-30
"1,9%",neox,2020-01-30
"1,8%",atreseries,2020-01-30
"1,7%",clan,2020-01-30
"1,6%",discoverymax,2020-01-30
"1,6%",paramountchannel,2020-01-30
"1,5%",mega-espana,2020-01-30
"1,2%",dkiss,2020-01-30
"1,1%",boing,2020-01-30
"0,9%",gol-television,2020-01-30
"0,8%",canal24horas,2020-01-30
"0,8%",disney-channel,2020-01-30
"0,6%",ten,2020-01-30
"0,5%",bemadtv,2020-01-30
"0,3%",teledeporte,2020-01-30
"0,2%",real-madrid-tv,2020-01-30
"14,7%",antena3,2020-01-31
"13,4%",telecinco,2020-01-31
"8,3%",la1,2020-01-31
"7,3%",lasexta,2020-01-31
"6,7%",cuatro,2020-01-31
"2,9%",la2,2020-01-31
"2,6%",energy,2020-01-31
"2,5%",fdf,2020-01-31
"2,5%",nova,2020-01-31
"2,0%",neox,2020-01-31
"1,9%",13tv,2020-01-31
"1,9%",clan,2020-01-31
"1,8%",atreseries,2020-01-31
"1,7%",divinity,2020-01-31
"1,6%",discoverymax,2020-01-31
"1,6%",paramountchannel,2020-01-31
"1,4%",mega-espana,2020-01-31
"1,1%",boing,2020-01-31
"1,1%",gol-television,2020-01-31
"1,0%",dkiss,2020-01-31
"0,7%",canal24horas,2020-01-31
"0,7%",disney-channel,2020-01-31
"0,7%",ten,2020-01-31
"0,5%",bemadtv,2020-01-31
"0,3%",real-madrid-tv,2020-01-31
"0,2%",teledeporte,2020-01-31
