Audiencia,Cadena,Dia,Mes,Any
"15,9%",la1,01,01,2019
"14,2%",antena3,01,01,2019
"9,1%",telecinco,01,01,2019
"5,3%",cuatro,01,01,2019
"5,0%",lasexta,01,01,2019
"3,8%",13tv,01,01,2019
"3,2%",la2,01,01,2019
"2,7%",fdf,01,01,2019
"2,6%",paramountchannel,01,01,2019
"2,3%",energy,01,01,2019
"1,8%",divinity,01,01,2019
"1,7%",neox,01,01,2019
"1,7%",clan,01,01,2019
"1,6%",discoverymax,01,01,2019
"1,5%",mega-espana,01,01,2019
"1,5%",nova,01,01,2019
"1,1%",atreseries,01,01,2019
"1,0%",disney-channel,01,01,2019
"0,9%",boing,01,01,2019
"0,8%",bemadtv,01,01,2019
"0,7%",canal24horas,01,01,2019
"0,6%",dkiss,01,01,2019
"0,5%",gol-television,01,01,2019
"0,4%",teledeporte,01,01,2019
"0,3%",ten,01,01,2019
"0,2%",real-madrid-tv,01,01,2019
"13,9%",telecinco,02,01,2019
"13,0%",antena3,02,01,2019
"10,6%",la1,02,01,2019
"7,1%",lasexta,02,01,2019
"4,8%",cuatro,02,01,2019
"3,0%",fdf,02,01,2019
"2,6%",neox,02,01,2019
"2,6%",nova,02,01,2019
"2,3%",la2,02,01,2019
"1,9%",13tv,02,01,2019
"1,9%",paramountchannel,02,01,2019
"1,8%",divinity,02,01,2019
"1,6%",discoverymax,02,01,2019
"1,5%",energy,02,01,2019
"1,5%",mega-espana,02,01,2019
"1,3%",clan,02,01,2019
"1,1%",atreseries,02,01,2019
"1,0%",disney-channel,02,01,2019
"0,9%",dkiss,02,01,2019
"0,9%",boing,02,01,2019
"0,9%",canal24horas,02,01,2019
"0,6%",gol-television,02,01,2019
"0,6%",bemadtv,02,01,2019
"0,4%",teledeporte,02,01,2019
"0,2%",ten,02,01,2019
"0,2%",real-madrid-tv,02,01,2019
"14,4%",antena3,03,01,2019
"12,1%",telecinco,03,01,2019
"9,8%",la1,03,01,2019
"6,5%",lasexta,03,01,2019
"4,9%",cuatro,03,01,2019
"3,0%",la2,03,01,2019
"3,0%",fdf,03,01,2019
"2,9%",nova,03,01,2019
"2,6%",neox,03,01,2019
"2,3%",energy,03,01,2019
"2,0%",13tv,03,01,2019
"1,9%",divinity,03,01,2019
"1,9%",clan,03,01,2019
"1,8%",mega-espana,03,01,2019
"1,6%",discoverymax,03,01,2019
"1,6%",paramountchannel,03,01,2019
"1,5%",atreseries,03,01,2019
"1,4%",boing,03,01,2019
"1,4%",disney-channel,03,01,2019
"0,9%",dkiss,03,01,2019
"0,7%",gol-television,03,01,2019
"0,7%",bemadtv,03,01,2019
"0,6%",canal24horas,03,01,2019
"0,4%",teledeporte,03,01,2019
"0,4%",real-madrid-tv,03,01,2019
"0,3%",ten,03,01,2019
"14,0%",telecinco,04,01,2019
"12,3%",antena3,04,01,2019
"9,1%",la1,04,01,2019
"7,0%",lasexta,04,01,2019
"5,3%",cuatro,04,01,2019
"2,9%",la2,04,01,2019
"2,7%",neox,04,01,2019
"2,7%",nova,04,01,2019
"2,6%",energy,04,01,2019
"2,5%",fdf,04,01,2019
"1,9%",13tv,04,01,2019
"1,8%",mega-espana,04,01,2019
"1,8%",clan,04,01,2019
"1,7%",divinity,04,01,2019
"1,7%",paramountchannel,04,01,2019
"1,6%",discoverymax,04,01,2019
"1,6%",boing,04,01,2019
"1,5%",disney-channel,04,01,2019
"1,4%",atreseries,04,01,2019
"1,2%",dkiss,04,01,2019
"0,9%",gol-television,04,01,2019
"0,7%",bemadtv,04,01,2019
"0,6%",canal24horas,04,01,2019
"0,4%",ten,04,01,2019
"0,3%",teledeporte,04,01,2019
"0,2%",real-madrid-tv,04,01,2019
"11,4%",antena3,05,01,2019
"10,6%",telecinco,05,01,2019
"10,1%",la1,05,01,2019
"6,3%",lasexta,05,01,2019
"5,3%",cuatro,05,01,2019
"3,2%",fdf,05,01,2019
"3,1%",energy,05,01,2019
"2,6%",la2,05,01,2019
"2,4%",neox,05,01,2019
"2,2%",paramountchannel,05,01,2019
"2,1%",clan,05,01,2019
"2,0%",13tv,05,01,2019
"1,9%",discoverymax,05,01,2019
"1,8%",divinity,05,01,2019
"1,6%",mega-espana,05,01,2019
"1,6%",nova,05,01,2019
"1,4%",disney-channel,05,01,2019
"1,3%",atreseries,05,01,2019
"1,2%",boing,05,01,2019
"1,0%",gol-television,05,01,2019
"0,9%",dkiss,05,01,2019
"0,8%",canal24horas,05,01,2019
"0,8%",bemadtv,05,01,2019
"0,3%",teledeporte,05,01,2019
"0,3%",ten,05,01,2019
"0,2%",real-madrid-tv,05,01,2019
"12,4%",la1,06,01,2019
"11,1%",antena3,06,01,2019
"9,5%",telecinco,06,01,2019
"6,2%",cuatro,06,01,2019
"4,7%",lasexta,06,01,2019
"3,2%",la2,06,01,2019
"3,0%",13tv,06,01,2019
"2,6%",energy,06,01,2019
"2,4%",fdf,06,01,2019
"2,2%",mega-espana,06,01,2019
"1,9%",discoverymax,06,01,2019
"1,9%",neox,06,01,2019
"1,9%",paramountchannel,06,01,2019
"1,7%",nova,06,01,2019
"1,7%",divinity,06,01,2019
"1,4%",clan,06,01,2019
"1,3%",atreseries,06,01,2019
"1,3%",gol-television,06,01,2019
"1,1%",disney-channel,06,01,2019
"0,9%",bemadtv,06,01,2019
"0,8%",dkiss,06,01,2019
"0,8%",boing,06,01,2019
"0,8%",canal24horas,06,01,2019
"0,5%",teledeporte,06,01,2019
"0,4%",real-madrid-tv,06,01,2019
"0,3%",ten,06,01,2019
"15,3%",antena3,07,01,2019
"13,5%",telecinco,07,01,2019
"8,7%",la1,07,01,2019
"7,2%",lasexta,07,01,2019
"5,1%",cuatro,07,01,2019
"2,6%",nova,07,01,2019
"2,6%",la2,07,01,2019
"2,5%",energy,07,01,2019
"2,5%",fdf,07,01,2019
"2,1%",neox,07,01,2019
"2,1%",13tv,07,01,2019
"2,0%",paramountchannel,07,01,2019
"1,8%",mega-espana,07,01,2019
"1,7%",divinity,07,01,2019
"1,5%",clan,07,01,2019
"1,5%",gol-television,07,01,2019
"1,5%",discoverymax,07,01,2019
"1,4%",boing,07,01,2019
"1,3%",atreseries,07,01,2019
"1,2%",disney-channel,07,01,2019
"0,7%",bemadtv,07,01,2019
"0,7%",dkiss,07,01,2019
"0,5%",canal24horas,07,01,2019
"0,5%",teledeporte,07,01,2019
"0,3%",ten,07,01,2019
"0,2%",real-madrid-tv,07,01,2019
"16,7%",telecinco,08,01,2019
"15,4%",antena3,08,01,2019
"8,6%",la1,08,01,2019
"8,2%",lasexta,08,01,2019
"4,4%",cuatro,08,01,2019
"2,8%",la2,08,01,2019
"2,7%",nova,08,01,2019
"2,6%",fdf,08,01,2019
"2,3%",neox,08,01,2019
"2,2%",energy,08,01,2019
"2,2%",13tv,08,01,2019
"1,6%",divinity,08,01,2019
"1,6%",clan,08,01,2019
"1,6%",paramountchannel,08,01,2019
"1,6%",mega-espana,08,01,2019
"1,5%",discoverymax,08,01,2019
"1,1%",atreseries,08,01,2019
"0,8%",dkiss,08,01,2019
"0,8%",boing,08,01,2019
"0,8%",canal24horas,08,01,2019
"0,7%",disney-channel,08,01,2019
"0,6%",gol-television,08,01,2019
"0,5%",teledeporte,08,01,2019
"0,4%",bemadtv,08,01,2019
"0,3%",ten,08,01,2019
"0,2%",real-madrid-tv,08,01,2019
"15,3%",antena3,09,01,2019
"14,1%",telecinco,09,01,2019
"8,5%",la1,09,01,2019
"8,0%",lasexta,09,01,2019
"4,7%",cuatro,09,01,2019
"2,7%",nova,09,01,2019
"2,6%",la2,09,01,2019
"2,5%",energy,09,01,2019
"2,5%",fdf,09,01,2019
"2,2%",neox,09,01,2019
"2,0%",13tv,09,01,2019
"1,8%",divinity,09,01,2019
"1,7%",mega-espana,09,01,2019
"1,7%",clan,09,01,2019
"1,7%",discoverymax,09,01,2019
"1,6%",paramountchannel,09,01,2019
"1,2%",atreseries,09,01,2019
"1,0%",boing,09,01,2019
"0,9%",dkiss,09,01,2019
"0,9%",canal24horas,09,01,2019
"0,9%",disney-channel,09,01,2019
"0,8%",gol-television,09,01,2019
"0,6%",bemadtv,09,01,2019
"0,5%",teledeporte,09,01,2019
"0,3%",ten,09,01,2019
"0,3%",real-madrid-tv,09,01,2019
"16,6%",telecinco,10,01,2019
"14,9%",antena3,10,01,2019
"8,9%",la1,10,01,2019
"8,6%",lasexta,10,01,2019
"4,0%",cuatro,10,01,2019
"2,6%",neox,10,01,2019
"2,6%",fdf,10,01,2019
"2,6%",la2,10,01,2019
"2,5%",nova,10,01,2019
"2,0%",energy,10,01,2019
"1,8%",13tv,10,01,2019
"1,7%",discoverymax,10,01,2019
"1,7%",paramountchannel,10,01,2019
"1,6%",mega-espana,10,01,2019
"1,5%",gol-television,10,01,2019
"1,5%",divinity,10,01,2019
"1,4%",clan,10,01,2019
"1,3%",atreseries,10,01,2019
"1,0%",boing,10,01,2019
"0,9%",disney-channel,10,01,2019
"0,7%",dkiss,10,01,2019
"0,6%",canal24horas,10,01,2019
"0,4%",teledeporte,10,01,2019
"0,4%",bemadtv,10,01,2019
"0,3%",ten,10,01,2019
"0,2%",real-madrid-tv,10,01,2019
"14,5%",telecinco,11,01,2019
"14,0%",antena3,11,01,2019
"9,1%",la1,11,01,2019
"8,3%",lasexta,11,01,2019
"4,3%",cuatro,11,01,2019
"2,7%",neox,11,01,2019
"2,6%",la2,11,01,2019
"2,5%",energy,11,01,2019
"2,4%",nova,11,01,2019
"2,3%",fdf,11,01,2019
"2,2%",13tv,11,01,2019
"2,0%",divinity,11,01,2019
"1,7%",discoverymax,11,01,2019
"1,6%",clan,11,01,2019
"1,4%",mega-espana,11,01,2019
"1,4%",paramountchannel,11,01,2019
"1,3%",atreseries,11,01,2019
"1,2%",boing,11,01,2019
"1,1%",disney-channel,11,01,2019
"1,0%",gol-television,11,01,2019
"0,7%",bemadtv,11,01,2019
"0,7%",dkiss,11,01,2019
"0,6%",canal24horas,11,01,2019
"0,6%",teledeporte,11,01,2019
"0,3%",ten,11,01,2019
"0,2%",real-madrid-tv,11,01,2019
"11,6%",telecinco,12,01,2019
"11,1%",antena3,12,01,2019
"9,4%",la1,12,01,2019
"6,7%",cuatro,12,01,2019
"6,4%",lasexta,12,01,2019
"3,0%",la2,12,01,2019
"2,9%",fdf,12,01,2019
"2,9%",neox,12,01,2019
"2,7%",energy,12,01,2019
"2,1%",clan,12,01,2019
"2,0%",13tv,12,01,2019
"1,9%",paramountchannel,12,01,2019
"1,7%",divinity,12,01,2019
"1,6%",atreseries,12,01,2019
"1,6%",nova,12,01,2019
"1,6%",discoverymax,12,01,2019
"1,5%",mega-espana,12,01,2019
"1,4%",boing,12,01,2019
"1,3%",disney-channel,12,01,2019
"1,0%",gol-television,12,01,2019
"0,8%",canal24horas,12,01,2019
"0,7%",bemadtv,12,01,2019
"0,7%",dkiss,12,01,2019
"0,5%",teledeporte,12,01,2019
"0,4%",ten,12,01,2019
"0,3%",real-madrid-tv,12,01,2019
"11,3%",la1,13,01,2019
"11,0%",telecinco,13,01,2019
"10,9%",antena3,13,01,2019
"7,0%",cuatro,13,01,2019
"5,8%",lasexta,13,01,2019
"2,9%",fdf,13,01,2019
"2,9%",neox,13,01,2019
"2,9%",la2,13,01,2019
"2,8%",energy,13,01,2019
"2,4%",13tv,13,01,2019
"1,8%",paramountchannel,13,01,2019
"1,7%",clan,13,01,2019
"1,7%",divinity,13,01,2019
"1,7%",discoverymax,13,01,2019
"1,6%",nova,13,01,2019
"1,5%",mega-espana,13,01,2019
"1,1%",atreseries,13,01,2019
"1,0%",disney-channel,13,01,2019
"1,0%",gol-television,13,01,2019
"1,0%",boing,13,01,2019
"0,8%",canal24horas,13,01,2019
"0,8%",teledeporte,13,01,2019
"0,7%",bemadtv,13,01,2019
"0,7%",dkiss,13,01,2019
"0,5%",real-madrid-tv,13,01,2019
"0,2%",ten,13,01,2019
"15,6%",antena3,14,01,2019
"15,1%",telecinco,14,01,2019
"9,8%",la1,14,01,2019
"7,9%",lasexta,14,01,2019
"4,6%",cuatro,14,01,2019
"2,7%",nova,14,01,2019
"2,7%",la2,14,01,2019
"2,5%",fdf,14,01,2019
"2,2%",neox,14,01,2019
"2,2%",energy,14,01,2019
"2,1%",13tv,14,01,2019
"1,8%",divinity,14,01,2019
"1,6%",mega-espana,14,01,2019
"1,5%",clan,14,01,2019
"1,5%",paramountchannel,14,01,2019
"1,5%",discoverymax,14,01,2019
"1,3%",gol-television,14,01,2019
"1,2%",atreseries,14,01,2019
"1,0%",boing,14,01,2019
"0,8%",disney-channel,14,01,2019
"0,8%",canal24horas,14,01,2019
"0,7%",dkiss,14,01,2019
"0,7%",teledeporte,14,01,2019
"0,6%",bemadtv,14,01,2019
"0,3%",ten,14,01,2019
"0,3%",real-madrid-tv,14,01,2019
"16,1%",telecinco,15,01,2019
"15,1%",antena3,15,01,2019
"8,9%",la1,15,01,2019
"7,9%",lasexta,15,01,2019
"5,5%",cuatro,15,01,2019
"2,6%",fdf,15,01,2019
"2,4%",nova,15,01,2019
"2,4%",la2,15,01,2019
"2,3%",neox,15,01,2019
"2,2%",13tv,15,01,2019
"2,0%",energy,15,01,2019
"1,7%",divinity,15,01,2019
"1,6%",discoverymax,15,01,2019
"1,6%",mega-espana,15,01,2019
"1,4%",clan,15,01,2019
"1,4%",paramountchannel,15,01,2019
"1,2%",atreseries,15,01,2019
"1,1%",canal24horas,15,01,2019
"0,9%",disney-channel,15,01,2019
"0,9%",boing,15,01,2019
"0,8%",dkiss,15,01,2019
"0,6%",gol-television,15,01,2019
"0,6%",teledeporte,15,01,2019
"0,5%",bemadtv,15,01,2019
"0,4%",ten,15,01,2019
"0,2%",real-madrid-tv,15,01,2019
"14,3%",telecinco,16,01,2019
"14,3%",antena3,16,01,2019
"9,9%",la1,16,01,2019
"7,6%",lasexta,16,01,2019
"4,2%",cuatro,16,01,2019
"2,9%",la2,16,01,2019
"2,6%",fdf,16,01,2019
"2,5%",neox,16,01,2019
"2,3%",nova,16,01,2019
"2,3%",energy,16,01,2019
"2,0%",13tv,16,01,2019
"1,7%",paramountchannel,16,01,2019
"1,6%",clan,16,01,2019
"1,6%",divinity,16,01,2019
"1,5%",mega-espana,16,01,2019
"1,5%",discoverymax,16,01,2019
"1,3%",atreseries,16,01,2019
"1,2%",canal24horas,16,01,2019
"1,0%",boing,16,01,2019
"0,9%",gol-television,16,01,2019
"0,8%",dkiss,16,01,2019
"0,8%",disney-channel,16,01,2019
"0,8%",teledeporte,16,01,2019
"0,6%",bemadtv,16,01,2019
"0,4%",ten,16,01,2019
"0,3%",real-madrid-tv,16,01,2019
"16,9%",telecinco,17,01,2019
"13,8%",antena3,17,01,2019
"9,2%",la1,17,01,2019
"7,6%",lasexta,17,01,2019
"4,0%",cuatro,17,01,2019
"2,8%",fdf,17,01,2019
"2,7%",neox,17,01,2019
"2,6%",la2,17,01,2019
"2,3%",nova,17,01,2019
"2,1%",13tv,17,01,2019
"2,0%",energy,17,01,2019
"1,7%",divinity,17,01,2019
"1,7%",clan,17,01,2019
"1,6%",mega-espana,17,01,2019
"1,5%",paramountchannel,17,01,2019
"1,5%",gol-television,17,01,2019
"1,5%",atreseries,17,01,2019
"1,5%",discoverymax,17,01,2019
"0,9%",dkiss,17,01,2019
"0,9%",boing,17,01,2019
"0,9%",canal24horas,17,01,2019
"0,9%",disney-channel,17,01,2019
"0,7%",teledeporte,17,01,2019
"0,4%",ten,17,01,2019
"0,4%",bemadtv,17,01,2019
"0,1%",real-madrid-tv,17,01,2019
"15,4%",telecinco,18,01,2019
"15,0%",antena3,18,01,2019
"8,5%",la1,18,01,2019
"7,3%",lasexta,18,01,2019
"4,8%",cuatro,18,01,2019
"2,8%",fdf,18,01,2019
"2,4%",la2,18,01,2019
"2,3%",neox,18,01,2019
"2,2%",nova,18,01,2019
"2,1%",energy,18,01,2019
"1,9%",clan,18,01,2019
"1,8%",discoverymax,18,01,2019
"1,6%",13tv,18,01,2019
"1,6%",divinity,18,01,2019
"1,6%",paramountchannel,18,01,2019
"1,5%",atreseries,18,01,2019
"1,4%",gol-television,18,01,2019
"1,3%",mega-espana,18,01,2019
"1,2%",boing,18,01,2019
"1,1%",disney-channel,18,01,2019
"0,9%",canal24horas,18,01,2019
"0,7%",bemadtv,18,01,2019
"0,7%",dkiss,18,01,2019
"0,3%",ten,18,01,2019
"0,2%",teledeporte,18,01,2019
"0,2%",real-madrid-tv,18,01,2019
"12,5%",antena3,19,01,2019
"12,1%",telecinco,19,01,2019
"9,1%",la1,19,01,2019
"6,8%",lasexta,19,01,2019
"5,9%",cuatro,19,01,2019
"2,7%",fdf,19,01,2019
"2,6%",la2,19,01,2019
"2,4%",energy,19,01,2019
"2,1%",neox,19,01,2019
"1,9%",clan,19,01,2019
"1,8%",13tv,19,01,2019
"1,8%",divinity,19,01,2019
"1,6%",nova,19,01,2019
"1,6%",paramountchannel,19,01,2019
"1,5%",atreseries,19,01,2019
"1,5%",discoverymax,19,01,2019
"1,4%",disney-channel,19,01,2019
"1,4%",canal24horas,19,01,2019
"1,4%",boing,19,01,2019
"1,0%",mega-espana,19,01,2019
"1,0%",gol-television,19,01,2019
"0,9%",dkiss,19,01,2019
"0,7%",bemadtv,19,01,2019
"0,6%",teledeporte,19,01,2019
"0,5%",real-madrid-tv,19,01,2019
"0,4%",ten,19,01,2019
"12,9%",antena3,20,01,2019
"12,3%",telecinco,20,01,2019
"9,8%",la1,20,01,2019
"6,5%",cuatro,20,01,2019
"5,8%",lasexta,20,01,2019
"2,8%",la2,20,01,2019
"2,6%",energy,20,01,2019
"2,5%",fdf,20,01,2019
"2,5%",13tv,20,01,2019
"1,9%",paramountchannel,20,01,2019
"1,8%",neox,20,01,2019
"1,7%",nova,20,01,2019
"1,7%",clan,20,01,2019
"1,6%",divinity,20,01,2019
"1,5%",discoverymax,20,01,2019
"1,5%",mega-espana,20,01,2019
"1,4%",canal24horas,20,01,2019
"1,2%",atreseries,20,01,2019
"1,0%",boing,20,01,2019
"1,0%",disney-channel,20,01,2019
"0,8%",gol-television,20,01,2019
"0,8%",bemadtv,20,01,2019
"0,7%",dkiss,20,01,2019
"0,5%",teledeporte,20,01,2019
"0,4%",real-madrid-tv,20,01,2019
"0,3%",ten,20,01,2019
"15,5%",antena3,21,01,2019
"14,4%",telecinco,21,01,2019
"8,9%",la1,21,01,2019
"8,6%",lasexta,21,01,2019
"5,3%",cuatro,21,01,2019
"2,7%",nova,21,01,2019
"2,6%",fdf,21,01,2019
"2,6%",la2,21,01,2019
"2,1%",neox,21,01,2019
"2,1%",13tv,21,01,2019
"1,8%",energy,21,01,2019
"1,7%",paramountchannel,21,01,2019
"1,6%",clan,21,01,2019
"1,5%",discoverymax,21,01,2019
"1,5%",mega-espana,21,01,2019
"1,4%",divinity,21,01,2019
"1,2%",canal24horas,21,01,2019
"1,2%",atreseries,21,01,2019
"1,0%",disney-channel,21,01,2019
"0,9%",gol-television,21,01,2019
"0,8%",dkiss,21,01,2019
"0,8%",boing,21,01,2019
"0,6%",teledeporte,21,01,2019
"0,4%",ten,21,01,2019
"0,4%",bemadtv,21,01,2019
"0,1%",real-madrid-tv,21,01,2019
"18,3%",telecinco,22,01,2019
"14,9%",antena3,22,01,2019
"8,8%",la1,22,01,2019
"8,1%",lasexta,22,01,2019
"4,6%",cuatro,22,01,2019
"2,6%",la2,22,01,2019
"2,3%",nova,22,01,2019
"2,3%",fdf,22,01,2019
"2,0%",energy,22,01,2019
"1,9%",13tv,22,01,2019
"1,9%",neox,22,01,2019
"1,9%",paramountchannel,22,01,2019
"1,5%",discoverymax,22,01,2019
"1,5%",clan,22,01,2019
"1,5%",mega-espana,22,01,2019
"1,4%",divinity,22,01,2019
"1,1%",canal24horas,22,01,2019
"1,1%",atreseries,22,01,2019
"0,8%",disney-channel,22,01,2019
"0,8%",boing,22,01,2019
"0,6%",dkiss,22,01,2019
"0,5%",gol-television,22,01,2019
"0,4%",teledeporte,22,01,2019
"0,4%",bemadtv,22,01,2019
"0,3%",ten,22,01,2019
"0,2%",real-madrid-tv,22,01,2019
"15,3%",telecinco,23,01,2019
"14,3%",antena3,23,01,2019
"10,5%",la1,23,01,2019
"8,3%",lasexta,23,01,2019
"4,3%",cuatro,23,01,2019
"3,0%",la2,23,01,2019
"2,4%",neox,23,01,2019
"2,3%",nova,23,01,2019
"2,3%",fdf,23,01,2019
"2,1%",energy,23,01,2019
"1,9%",13tv,23,01,2019
"1,9%",paramountchannel,23,01,2019
"1,6%",gol-television,23,01,2019
"1,5%",clan,23,01,2019
"1,5%",discoverymax,23,01,2019
"1,4%",mega-espana,23,01,2019
"1,4%",divinity,23,01,2019
"1,2%",atreseries,23,01,2019
"1,1%",canal24horas,23,01,2019
"1,0%",boing,23,01,2019
"0,8%",disney-channel,23,01,2019
"0,7%",dkiss,23,01,2019
"0,5%",teledeporte,23,01,2019
"0,5%",bemadtv,23,01,2019
"0,4%",ten,23,01,2019
"0,2%",real-madrid-tv,23,01,2019
"18,3%",telecinco,24,01,2019
"14,1%",antena3,24,01,2019
"9,6%",la1,24,01,2019
"8,6%",lasexta,24,01,2019
"4,1%",cuatro,24,01,2019
"2,3%",neox,24,01,2019
"2,1%",fdf,24,01,2019
"2,1%",la2,24,01,2019
"1,9%",nova,24,01,2019
"1,9%",13tv,24,01,2019
"1,9%",energy,24,01,2019
"1,8%",paramountchannel,24,01,2019
"1,6%",clan,24,01,2019
"1,4%",discoverymax,24,01,2019
"1,3%",mega-espana,24,01,2019
"1,2%",canal24horas,24,01,2019
"1,1%",atreseries,24,01,2019
"1,1%",divinity,24,01,2019
"0,8%",disney-channel,24,01,2019
"0,8%",boing,24,01,2019
"0,6%",dkiss,24,01,2019
"0,6%",gol-television,24,01,2019
"0,5%",bemadtv,24,01,2019
"0,4%",teledeporte,24,01,2019
"0,3%",ten,24,01,2019
"0,3%",real-madrid-tv,24,01,2019
"20,0%",telecinco,25,01,2019
"14,5%",antena3,25,01,2019
"9,8%",la1,25,01,2019
"9,1%",lasexta,25,01,2019
"3,9%",cuatro,25,01,2019
"2,3%",neox,25,01,2019
"2,3%",fdf,25,01,2019
"2,0%",energy,25,01,2019
"1,9%",la2,25,01,2019
"1,9%",nova,25,01,2019
"1,7%",canal24horas,25,01,2019
"1,5%",clan,25,01,2019
"1,5%",13tv,25,01,2019
"1,3%",discoverymax,25,01,2019
"1,2%",mega-espana,25,01,2019
"1,2%",divinity,25,01,2019
"1,2%",paramountchannel,25,01,2019
"1,1%",atreseries,25,01,2019
"1,0%",boing,25,01,2019
"0,8%",disney-channel,25,01,2019
"0,7%",gol-television,25,01,2019
"0,6%",dkiss,25,01,2019
"0,5%",bemadtv,25,01,2019
"0,4%",teledeporte,25,01,2019
"0,3%",ten,25,01,2019
"0,2%",real-madrid-tv,25,01,2019
"14,7%",telecinco,26,01,2019
"12,4%",antena3,26,01,2019
"10,7%",la1,26,01,2019
"6,6%",lasexta,26,01,2019
"5,1%",cuatro,26,01,2019
"2,6%",la2,26,01,2019
"2,3%",fdf,26,01,2019
"2,3%",neox,26,01,2019
"2,2%",energy,26,01,2019
"1,9%",canal24horas,26,01,2019
"1,8%",clan,26,01,2019
"1,7%",paramountchannel,26,01,2019
"1,6%",divinity,26,01,2019
"1,6%",discoverymax,26,01,2019
"1,5%",13tv,26,01,2019
"1,4%",boing,26,01,2019
"1,3%",disney-channel,26,01,2019
"1,2%",atreseries,26,01,2019
"1,2%",nova,26,01,2019
"1,2%",mega-espana,26,01,2019
"0,9%",gol-television,26,01,2019
"0,8%",bemadtv,26,01,2019
"0,8%",dkiss,26,01,2019
"0,7%",teledeporte,26,01,2019
"0,4%",ten,26,01,2019
"0,3%",real-madrid-tv,26,01,2019
"11,8%",telecinco,27,01,2019
"11,1%",antena3,27,01,2019
"10,4%",la1,27,01,2019
"6,1%",cuatro,27,01,2019
"5,6%",lasexta,27,01,2019
"3,1%",la2,27,01,2019
"2,6%",fdf,27,01,2019
"2,6%",energy,27,01,2019
"2,5%",neox,27,01,2019
"2,1%",divinity,27,01,2019
"1,9%",13tv,27,01,2019
"1,9%",paramountchannel,27,01,2019
"1,8%",clan,27,01,2019
"1,7%",discoverymax,27,01,2019
"1,5%",mega-espana,27,01,2019
"1,3%",nova,27,01,2019
"1,2%",disney-channel,27,01,2019
"1,2%",atreseries,27,01,2019
"1,2%",boing,27,01,2019
"1,0%",canal24horas,27,01,2019
"1,0%",gol-television,27,01,2019
"0,9%",bemadtv,27,01,2019
"0,7%",dkiss,27,01,2019
"0,6%",teledeporte,27,01,2019
"0,5%",real-madrid-tv,27,01,2019
"0,4%",ten,27,01,2019
"15,3%",antena3,28,01,2019
"15,1%",telecinco,28,01,2019
"8,7%",la1,28,01,2019
"8,4%",lasexta,28,01,2019
"4,5%",cuatro,28,01,2019
"2,8%",la2,28,01,2019
"2,5%",neox,28,01,2019
"2,4%",nova,28,01,2019
"2,3%",fdf,28,01,2019
"2,1%",energy,28,01,2019
"2,1%",13tv,28,01,2019
"1,8%",mega-espana,28,01,2019
"1,8%",paramountchannel,28,01,2019
"1,7%",divinity,28,01,2019
"1,6%",clan,28,01,2019
"1,3%",discoverymax,28,01,2019
"1,3%",gol-television,28,01,2019
"1,2%",atreseries,28,01,2019
"1,0%",boing,28,01,2019
"0,9%",disney-channel,28,01,2019
"0,8%",dkiss,28,01,2019
"0,8%",canal24horas,28,01,2019
"0,6%",bemadtv,28,01,2019
"0,3%",teledeporte,28,01,2019
"0,3%",ten,28,01,2019
"0,2%",real-madrid-tv,28,01,2019
"16,5%",telecinco,29,01,2019
"15,5%",antena3,29,01,2019
"8,6%",la1,29,01,2019
"7,7%",lasexta,29,01,2019
"4,3%",cuatro,29,01,2019
"2,5%",la2,29,01,2019
"2,4%",fdf,29,01,2019
"2,4%",neox,29,01,2019
"2,2%",nova,29,01,2019
"2,0%",paramountchannel,29,01,2019
"2,0%",energy,29,01,2019
"1,9%",13tv,29,01,2019
"1,8%",divinity,29,01,2019
"1,7%",clan,29,01,2019
"1,5%",mega-espana,29,01,2019
"1,4%",discoverymax,29,01,2019
"1,0%",atreseries,29,01,2019
"0,9%",boing,29,01,2019
"0,9%",canal24horas,29,01,2019
"0,7%",dkiss,29,01,2019
"0,7%",gol-television,29,01,2019
"0,7%",disney-channel,29,01,2019
"0,6%",bemadtv,29,01,2019
"0,4%",teledeporte,29,01,2019
"0,4%",ten,29,01,2019
"0,2%",real-madrid-tv,29,01,2019
"14,5%",antena3,30,01,2019
"14,1%",telecinco,30,01,2019
"10,8%",la1,30,01,2019
"7,4%",lasexta,30,01,2019
"4,4%",cuatro,30,01,2019
"2,8%",la2,30,01,2019
"2,6%",neox,30,01,2019
"2,6%",fdf,30,01,2019
"2,4%",nova,30,01,2019
"2,1%",gol-television,30,01,2019
"1,9%",paramountchannel,30,01,2019
"1,9%",energy,30,01,2019
"1,8%",13tv,30,01,2019
"1,7%",mega-espana,30,01,2019
"1,6%",discoverymax,30,01,2019
"1,6%",clan,30,01,2019
"1,4%",divinity,30,01,2019
"1,3%",atreseries,30,01,2019
"1,0%",boing,30,01,2019
"0,9%",canal24horas,30,01,2019
"0,8%",dkiss,30,01,2019
"0,7%",disney-channel,30,01,2019
"0,5%",bemadtv,30,01,2019
"0,4%",teledeporte,30,01,2019
"0,4%",ten,30,01,2019
"0,2%",real-madrid-tv,30,01,2019
"17,0%",telecinco,31,01,2019
"13,2%",antena3,31,01,2019
"9,3%",la1,31,01,2019
"8,1%",lasexta,31,01,2019
"4,3%",cuatro,31,01,2019
"2,6%",neox,31,01,2019
"2,6%",fdf,31,01,2019
"2,4%",la2,31,01,2019
"2,2%",nova,31,01,2019
"2,1%",energy,31,01,2019
"2,0%",13tv,31,01,2019
"1,9%",paramountchannel,31,01,2019
"1,8%",clan,31,01,2019
"1,6%",mega-espana,31,01,2019
"1,6%",discoverymax,31,01,2019
"1,5%",divinity,31,01,2019
"1,1%",atreseries,31,01,2019
"0,9%",disney-channel,31,01,2019
"0,9%",gol-television,31,01,2019
"0,9%",boing,31,01,2019
"0,8%",dkiss,31,01,2019
"0,8%",canal24horas,31,01,2019
"0,5%",bemadtv,31,01,2019
"0,4%",teledeporte,31,01,2019
"0,4%",ten,31,01,2019
"0,4%",real-madrid-tv,31,01,2019
"15,3%",antena3,01,02,2019
"14,3%",telecinco,01,02,2019
"8,6%",la1,01,02,2019
"7,9%",lasexta,01,02,2019
"4,6%",cuatro,01,02,2019
"2,8%",fdf,01,02,2019
"2,8%",la2,01,02,2019
"2,4%",neox,01,02,2019
"2,4%",energy,01,02,2019
"2,2%",nova,01,02,2019
"1,8%",clan,01,02,2019
"1,8%",divinity,01,02,2019
"1,8%",paramountchannel,01,02,2019
"1,7%",discoverymax,01,02,2019
"1,6%",13tv,01,02,2019
"1,5%",mega-espana,01,02,2019
"1,2%",atreseries,01,02,2019
"1,1%",boing,01,02,2019
"1,0%",disney-channel,01,02,2019
"1,0%",gol-television,01,02,2019
"0,9%",canal24horas,01,02,2019
"0,8%",dkiss,01,02,2019
"0,7%",bemadtv,01,02,2019
"0,4%",ten,01,02,2019
"0,3%",teledeporte,01,02,2019
"0,2%",real-madrid-tv,01,02,2019
"15,2%",la1,02,02,2019
"10,7%",telecinco,02,02,2019
"10,7%",antena3,02,02,2019
"5,7%",lasexta,02,02,2019
"5,6%",cuatro,02,02,2019
"2,6%",fdf,02,02,2019
"2,5%",la2,02,02,2019
"2,4%",energy,02,02,2019
"2,1%",neox,02,02,2019
"1,9%",divinity,02,02,2019
"1,8%",clan,02,02,2019
"1,8%",13tv,02,02,2019
"1,7%",gol-television,02,02,2019
"1,6%",paramountchannel,02,02,2019
"1,5%",discoverymax,02,02,2019
"1,4%",atreseries,02,02,2019
"1,3%",disney-channel,02,02,2019
"1,3%",mega-espana,02,02,2019
"1,3%",nova,02,02,2019
"1,3%",boing,02,02,2019
"1,0%",canal24horas,02,02,2019
"0,8%",dkiss,02,02,2019
"0,7%",bemadtv,02,02,2019
"0,6%",ten,02,02,2019
"0,4%",teledeporte,02,02,2019
"0,3%",real-madrid-tv,02,02,2019
"11,6%",telecinco,03,02,2019
"11,3%",antena3,03,02,2019
"10,6%",la1,03,02,2019
"7,9%",lasexta,03,02,2019
"6,2%",cuatro,03,02,2019
"2,9%",fdf,03,02,2019
"2,7%",la2,03,02,2019
"2,5%",energy,03,02,2019
"2,1%",divinity,03,02,2019
"2,0%",neox,03,02,2019
"2,0%",13tv,03,02,2019
"1,8%",paramountchannel,03,02,2019
"1,7%",discoverymax,03,02,2019
"1,7%",clan,03,02,2019
"1,5%",mega-espana,03,02,2019
"1,4%",nova,03,02,2019
"1,3%",disney-channel,03,02,2019
"1,1%",boing,03,02,2019
"1,0%",atreseries,03,02,2019
"0,9%",dkiss,03,02,2019
"0,9%",gol-television,03,02,2019
"0,8%",canal24horas,03,02,2019
"0,8%",bemadtv,03,02,2019
"0,6%",real-madrid-tv,03,02,2019
"0,5%",ten,03,02,2019
"0,4%",teledeporte,03,02,2019
"15,5%",telecinco,04,02,2019
"15,3%",antena3,04,02,2019
"8,7%",la1,04,02,2019
"8,3%",lasexta,04,02,2019
"4,4%",cuatro,04,02,2019
"3,0%",fdf,04,02,2019
"2,4%",nova,04,02,2019
"2,4%",la2,04,02,2019
"2,3%",energy,04,02,2019
"2,2%",neox,04,02,2019
"2,1%",13tv,04,02,2019
"1,9%",paramountchannel,04,02,2019
"1,8%",clan,04,02,2019
"1,8%",mega-espana,04,02,2019
"1,8%",divinity,04,02,2019
"1,6%",discoverymax,04,02,2019
"1,2%",atreseries,04,02,2019
"0,9%",disney-channel,04,02,2019
"0,9%",canal24horas,04,02,2019
"0,9%",gol-television,04,02,2019
"0,9%",boing,04,02,2019
"0,7%",dkiss,04,02,2019
"0,4%",bemadtv,04,02,2019
"0,4%",ten,04,02,2019
"0,2%",teledeporte,04,02,2019
"0,2%",real-madrid-tv,04,02,2019
"16,9%",telecinco,05,02,2019
"15,4%",antena3,05,02,2019
"8,5%",la1,05,02,2019
"7,7%",lasexta,05,02,2019
"4,7%",cuatro,05,02,2019
"2,9%",fdf,05,02,2019
"2,8%",la2,05,02,2019
"2,4%",neox,05,02,2019
"2,2%",nova,05,02,2019
"2,1%",energy,05,02,2019
"2,0%",13tv,05,02,2019
"2,0%",paramountchannel,05,02,2019
"1,9%",divinity,05,02,2019
"1,7%",mega-espana,05,02,2019
"1,6%",clan,05,02,2019
"1,5%",discoverymax,05,02,2019
"1,0%",atreseries,05,02,2019
"0,9%",canal24horas,05,02,2019
"0,8%",dkiss,05,02,2019
"0,8%",boing,05,02,2019
"0,7%",gol-television,05,02,2019
"0,7%",disney-channel,05,02,2019
"0,5%",bemadtv,05,02,2019
"0,4%",ten,05,02,2019
"0,2%",teledeporte,05,02,2019
"0,2%",real-madrid-tv,05,02,2019
"15,5%",la1,06,02,2019
"14,8%",telecinco,06,02,2019
"12,2%",antena3,06,02,2019
"7,2%",lasexta,06,02,2019
"4,0%",cuatro,06,02,2019
"2,9%",la2,06,02,2019
"2,6%",fdf,06,02,2019
"2,4%",neox,06,02,2019
"2,2%",gol-television,06,02,2019
"2,1%",nova,06,02,2019
"2,0%",energy,06,02,2019
"1,9%",13tv,06,02,2019
"1,8%",paramountchannel,06,02,2019
"1,7%",mega-espana,06,02,2019
"1,7%",divinity,06,02,2019
"1,5%",clan,06,02,2019
"1,5%",discoverymax,06,02,2019
"1,1%",atreseries,06,02,2019
"0,8%",canal24horas,06,02,2019
"0,7%",dkiss,06,02,2019
"0,7%",boing,06,02,2019
"0,7%",disney-channel,06,02,2019
"0,6%",bemadtv,06,02,2019
"0,5%",ten,06,02,2019
"0,3%",teledeporte,06,02,2019
"0,3%",real-madrid-tv,06,02,2019
"18,1%",telecinco,07,02,2019
"13,3%",antena3,07,02,2019
"10,8%",la1,07,02,2019
"7,6%",lasexta,07,02,2019
"4,2%",cuatro,07,02,2019
"2,9%",fdf,07,02,2019
"2,6%",la2,07,02,2019
"2,3%",neox,07,02,2019
"2,2%",nova,07,02,2019
"1,9%",13tv,07,02,2019
"1,8%",paramountchannel,07,02,2019
"1,8%",energy,07,02,2019
"1,7%",mega-espana,07,02,2019
"1,7%",divinity,07,02,2019
"1,5%",clan,07,02,2019
"1,4%",gol-television,07,02,2019
"1,4%",discoverymax,07,02,2019
"1,2%",atreseries,07,02,2019
"0,9%",boing,07,02,2019
"0,8%",dkiss,07,02,2019
"0,8%",canal24horas,07,02,2019
"0,8%",disney-channel,07,02,2019
"0,4%",ten,07,02,2019
"0,4%",bemadtv,07,02,2019
"0,3%",teledeporte,07,02,2019
"0,2%",real-madrid-tv,07,02,2019
"16,4%",antena3,08,02,2019
"15,3%",telecinco,08,02,2019
"9,0%",la1,08,02,2019
"7,5%",lasexta,08,02,2019
"4,3%",cuatro,08,02,2019
"2,8%",fdf,08,02,2019
"2,5%",neox,08,02,2019
"2,4%",la2,08,02,2019
"2,4%",energy,08,02,2019
"2,3%",nova,08,02,2019
"1,9%",divinity,08,02,2019
"1,6%",13tv,08,02,2019
"1,6%",paramountchannel,08,02,2019
"1,6%",clan,08,02,2019
"1,4%",discoverymax,08,02,2019
"1,4%",mega-espana,08,02,2019
"1,1%",boing,08,02,2019
"1,0%",disney-channel,08,02,2019
"1,0%",atreseries,08,02,2019
"0,9%",dkiss,08,02,2019
"0,8%",gol-television,08,02,2019
"0,8%",canal24horas,08,02,2019
"0,6%",bemadtv,08,02,2019
"0,4%",teledeporte,08,02,2019
"0,4%",ten,08,02,2019
"0,2%",real-madrid-tv,08,02,2019
"12,2%",telecinco,09,02,2019
"11,8%",antena3,09,02,2019
"9,3%",la1,09,02,2019
"6,2%",lasexta,09,02,2019
"5,4%",cuatro,09,02,2019
"2,8%",energy,09,02,2019
"2,7%",fdf,09,02,2019
"2,7%",la2,09,02,2019
"2,2%",neox,09,02,2019
"2,1%",clan,09,02,2019
"1,8%",discoverymax,09,02,2019
"1,7%",13tv,09,02,2019
"1,7%",divinity,09,02,2019
"1,7%",paramountchannel,09,02,2019
"1,6%",mega-espana,09,02,2019
"1,5%",nova,09,02,2019
"1,4%",gol-television,09,02,2019
"1,4%",boing,09,02,2019
"1,2%",disney-channel,09,02,2019
"1,1%",atreseries,09,02,2019
"1,0%",canal24horas,09,02,2019
"0,8%",dkiss,09,02,2019
"0,7%",bemadtv,09,02,2019
"0,5%",real-madrid-tv,09,02,2019
"0,4%",teledeporte,09,02,2019
"0,4%",ten,09,02,2019
"13,0%",telecinco,10,02,2019
"10,6%",la1,10,02,2019
"10,0%",antena3,10,02,2019
"7,2%",lasexta,10,02,2019
"6,4%",cuatro,10,02,2019
"2,8%",fdf,10,02,2019
"2,7%",energy,10,02,2019
"2,7%",neox,10,02,2019
"2,7%",la2,10,02,2019
"2,1%",paramountchannel,10,02,2019
"2,0%",13tv,10,02,2019
"2,0%",divinity,10,02,2019
"1,6%",clan,10,02,2019
"1,6%",mega-espana,10,02,2019
"1,5%",discoverymax,10,02,2019
"1,4%",canal24horas,10,02,2019
"1,3%",nova,10,02,2019
"1,2%",atreseries,10,02,2019
"1,0%",disney-channel,10,02,2019
"1,0%",gol-television,10,02,2019
"1,0%",boing,10,02,2019
"0,9%",bemadtv,10,02,2019
"0,8%",dkiss,10,02,2019
"0,4%",ten,10,02,2019
"0,4%",teledeporte,10,02,2019
"0,4%",real-madrid-tv,10,02,2019
"14,9%",telecinco,11,02,2019
"14,6%",antena3,11,02,2019
"8,6%",la1,11,02,2019
"8,5%",lasexta,11,02,2019
"4,7%",cuatro,11,02,2019
"3,0%",fdf,11,02,2019
"2,7%",la2,11,02,2019
"2,5%",nova,11,02,2019
"2,3%",neox,11,02,2019
"2,1%",energy,11,02,2019
"2,0%",13tv,11,02,2019
"2,0%",paramountchannel,11,02,2019
"1,9%",divinity,11,02,2019
"1,8%",mega-espana,11,02,2019
"1,5%",discoverymax,11,02,2019
"1,4%",clan,11,02,2019
"1,2%",atreseries,11,02,2019
"1,1%",gol-television,11,02,2019
"1,0%",boing,11,02,2019
"0,9%",canal24horas,11,02,2019
"0,8%",disney-channel,11,02,2019
"0,7%",dkiss,11,02,2019
"0,5%",bemadtv,11,02,2019
"0,4%",ten,11,02,2019
"0,3%",teledeporte,11,02,2019
"0,3%",real-madrid-tv,11,02,2019
"16,6%",telecinco,12,02,2019
"14,3%",antena3,12,02,2019
"8,4%",la1,12,02,2019
"7,6%",lasexta,12,02,2019
"4,7%",cuatro,12,02,2019
"2,7%",fdf,12,02,2019
"2,4%",la2,12,02,2019
"2,4%",neox,12,02,2019
"2,4%",nova,12,02,2019
"1,9%",13tv,12,02,2019
"1,8%",divinity,12,02,2019
"1,8%",energy,12,02,2019
"1,6%",discoverymax,12,02,2019
"1,6%",canal24horas,12,02,2019
"1,6%",mega-espana,12,02,2019
"1,6%",paramountchannel,12,02,2019
"1,4%",clan,12,02,2019
"1,1%",atreseries,12,02,2019
"0,9%",boing,12,02,2019
"0,7%",dkiss,12,02,2019
"0,7%",gol-television,12,02,2019
"0,7%",disney-channel,12,02,2019
"0,5%",ten,12,02,2019
"0,5%",bemadtv,12,02,2019
"0,3%",teledeporte,12,02,2019
"0,3%",real-madrid-tv,12,02,2019
"14,5%",telecinco,13,02,2019
"13,2%",antena3,13,02,2019
"8,9%",la1,13,02,2019
"8,3%",lasexta,13,02,2019
"4,2%",cuatro,13,02,2019
"3,2%",fdf,13,02,2019
"2,6%",neox,13,02,2019
"2,5%",la2,13,02,2019
"2,4%",nova,13,02,2019
"2,2%",energy,13,02,2019
"2,1%",13tv,13,02,2019
"1,9%",divinity,13,02,2019
"1,7%",discoverymax,13,02,2019
"1,7%",paramountchannel,13,02,2019
"1,6%",clan,13,02,2019
"1,6%",mega-espana,13,02,2019
"1,2%",atreseries,13,02,2019
"1,2%",canal24horas,13,02,2019
"1,1%",gol-television,13,02,2019
"1,0%",boing,13,02,2019
"0,9%",dkiss,13,02,2019
"0,8%",disney-channel,13,02,2019
"0,6%",real-madrid-tv,13,02,2019
"0,5%",bemadtv,13,02,2019
"0,4%",ten,13,02,2019
"0,3%",teledeporte,13,02,2019
"17,1%",telecinco,14,02,2019
"12,9%",antena3,14,02,2019
"7,9%",lasexta,14,02,2019
"7,6%",la1,14,02,2019
"4,0%",cuatro,14,02,2019
"2,7%",fdf,14,02,2019
"2,7%",la2,14,02,2019
"2,4%",neox,14,02,2019
"2,3%",nova,14,02,2019
"2,1%",13tv,14,02,2019
"2,1%",paramountchannel,14,02,2019
"2,1%",energy,14,02,2019
"1,8%",divinity,14,02,2019
"1,7%",gol-television,14,02,2019
"1,6%",mega-espana,14,02,2019
"1,5%",discoverymax,14,02,2019
"1,4%",clan,14,02,2019
"1,4%",canal24horas,14,02,2019
"1,1%",atreseries,14,02,2019
"0,9%",boing,14,02,2019
"0,7%",dkiss,14,02,2019
"0,7%",disney-channel,14,02,2019
"0,5%",ten,14,02,2019
"0,5%",bemadtv,14,02,2019
"0,3%",teledeporte,14,02,2019
"0,3%",real-madrid-tv,14,02,2019
"14,8%",telecinco,15,02,2019
"14,4%",antena3,15,02,2019
"8,8%",lasexta,15,02,2019
"8,4%",la1,15,02,2019
"4,4%",cuatro,15,02,2019
"2,7%",fdf,15,02,2019
"2,6%",energy,15,02,2019
"2,5%",la2,15,02,2019
"2,5%",neox,15,02,2019
"2,1%",nova,15,02,2019
"2,0%",paramountchannel,15,02,2019
"1,9%",divinity,15,02,2019
"1,8%",clan,15,02,2019
"1,8%",13tv,15,02,2019
"1,4%",discoverymax,15,02,2019
"1,3%",mega-espana,15,02,2019
"1,2%",atreseries,15,02,2019
"1,1%",boing,15,02,2019
"1,0%",disney-channel,15,02,2019
"0,9%",dkiss,15,02,2019
"0,8%",gol-television,15,02,2019
"0,8%",canal24horas,15,02,2019
"0,6%",ten,15,02,2019
"0,5%",bemadtv,15,02,2019
"0,3%",real-madrid-tv,15,02,2019
"0,2%",teledeporte,15,02,2019
"12,4%",telecinco,16,02,2019
"10,7%",antena3,16,02,2019
"9,0%",la1,16,02,2019
"6,8%",lasexta,16,02,2019
"5,7%",cuatro,16,02,2019
"3,0%",fdf,16,02,2019
"2,8%",la2,16,02,2019
"2,6%",energy,16,02,2019
"2,2%",clan,16,02,2019
"2,1%",paramountchannel,16,02,2019
"2,1%",neox,16,02,2019
"1,8%",divinity,16,02,2019
"1,6%",nova,16,02,2019
"1,6%",discoverymax,16,02,2019
"1,5%",13tv,16,02,2019
"1,3%",disney-channel,16,02,2019
"1,2%",atreseries,16,02,2019
"1,2%",boing,16,02,2019
"1,2%",mega-espana,16,02,2019
"1,0%",gol-television,16,02,2019
"0,9%",canal24horas,16,02,2019
"0,8%",bemadtv,16,02,2019
"0,8%",dkiss,16,02,2019
"0,6%",teledeporte,16,02,2019
"0,5%",ten,16,02,2019
"0,4%",real-madrid-tv,16,02,2019
"12,3%",telecinco,17,02,2019
"10,6%",antena3,17,02,2019
"9,6%",la1,17,02,2019
"6,6%",cuatro,17,02,2019
"5,8%",lasexta,17,02,2019
"2,9%",la2,17,02,2019
"2,8%",energy,17,02,2019
"2,8%",fdf,17,02,2019
"2,2%",divinity,17,02,2019
"2,1%",13tv,17,02,2019
"2,1%",neox,17,02,2019
"2,1%",paramountchannel,17,02,2019
"1,8%",clan,17,02,2019
"1,6%",discoverymax,17,02,2019
"1,5%",mega-espana,17,02,2019
"1,5%",nova,17,02,2019
"1,2%",gol-television,17,02,2019
"1,2%",atreseries,17,02,2019
"1,1%",disney-channel,17,02,2019
"1,1%",boing,17,02,2019
"0,9%",canal24horas,17,02,2019
"0,8%",dkiss,17,02,2019
"0,7%",bemadtv,17,02,2019
"0,6%",teledeporte,17,02,2019
"0,5%",ten,17,02,2019
"0,3%",real-madrid-tv,17,02,2019
"15,1%",telecinco,18,02,2019
"15,0%",antena3,18,02,2019
"8,0%",la1,18,02,2019
"8,0%",lasexta,18,02,2019
"4,5%",cuatro,18,02,2019
"3,0%",fdf,18,02,2019
"2,5%",la2,18,02,2019
"2,4%",neox,18,02,2019
"2,4%",energy,18,02,2019
"2,3%",nova,18,02,2019
"2,1%",13tv,18,02,2019
"2,0%",paramountchannel,18,02,2019
"1,8%",divinity,18,02,2019
"1,7%",mega-espana,18,02,2019
"1,7%",clan,18,02,2019
"1,6%",discoverymax,18,02,2019
"1,5%",gol-television,18,02,2019
"1,3%",atreseries,18,02,2019
"1,0%",canal24horas,18,02,2019
"0,9%",dkiss,18,02,2019
"0,9%",boing,18,02,2019
"0,8%",disney-channel,18,02,2019
"0,5%",bemadtv,18,02,2019
"0,4%",ten,18,02,2019
"0,3%",teledeporte,18,02,2019
"0,2%",real-madrid-tv,18,02,2019
"16,3%",telecinco,19,02,2019
"15,0%",antena3,19,02,2019
"7,7%",la1,19,02,2019
"7,5%",lasexta,19,02,2019
"3,9%",cuatro,19,02,2019
"2,8%",fdf,19,02,2019
"2,5%",la2,19,02,2019
"2,3%",energy,19,02,2019
"2,3%",nova,19,02,2019
"2,2%",neox,19,02,2019
"2,0%",13tv,19,02,2019
"2,0%",divinity,19,02,2019
"1,8%",paramountchannel,19,02,2019
"1,6%",mega-espana,19,02,2019
"1,6%",discoverymax,19,02,2019
"1,6%",clan,19,02,2019
"1,2%",atreseries,19,02,2019
"1,0%",canal24horas,19,02,2019
"0,9%",dkiss,19,02,2019
"0,8%",boing,19,02,2019
"0,8%",gol-television,19,02,2019
"0,7%",disney-channel,19,02,2019
"0,5%",ten,19,02,2019
"0,5%",bemadtv,19,02,2019
"0,3%",teledeporte,19,02,2019
"0,2%",real-madrid-tv,19,02,2019
"14,5%",telecinco,20,02,2019
"13,4%",antena3,20,02,2019
"9,0%",la1,20,02,2019
"7,6%",lasexta,20,02,2019
"4,4%",cuatro,20,02,2019
"2,9%",la2,20,02,2019
"2,7%",fdf,20,02,2019
"2,5%",neox,20,02,2019
"2,5%",nova,20,02,2019
"2,3%",energy,20,02,2019
"1,9%",13tv,20,02,2019
"1,9%",divinity,20,02,2019
"1,8%",paramountchannel,20,02,2019
"1,7%",mega-espana,20,02,2019
"1,7%",discoverymax,20,02,2019
"1,5%",clan,20,02,2019
"1,2%",canal24horas,20,02,2019
"1,1%",atreseries,20,02,2019
"1,0%",gol-television,20,02,2019
"0,9%",boing,20,02,2019
"0,8%",dkiss,20,02,2019
"0,8%",disney-channel,20,02,2019
"0,6%",bemadtv,20,02,2019
"0,5%",ten,20,02,2019
"0,3%",teledeporte,20,02,2019
"0,2%",real-madrid-tv,20,02,2019
"17,0%",telecinco,21,02,2019
"13,5%",antena3,21,02,2019
"8,1%",la1,21,02,2019
"7,8%",lasexta,21,02,2019
"3,9%",cuatro,21,02,2019
"2,8%",neox,21,02,2019
"2,6%",fdf,21,02,2019
"2,4%",nova,21,02,2019
"2,3%",gol-television,21,02,2019
"2,2%",la2,21,02,2019
"2,1%",energy,21,02,2019
"2,0%",paramountchannel,21,02,2019
"1,8%",divinity,21,02,2019
"1,7%",13tv,21,02,2019
"1,5%",clan,21,02,2019
"1,5%",discoverymax,21,02,2019
"1,3%",mega-espana,21,02,2019
"1,3%",atreseries,21,02,2019
"1,1%",canal24horas,21,02,2019
"0,9%",boing,21,02,2019
"0,8%",dkiss,21,02,2019
"0,8%",disney-channel,21,02,2019
"0,5%",bemadtv,21,02,2019
"0,3%",ten,21,02,2019
"0,2%",teledeporte,21,02,2019
"0,2%",real-madrid-tv,21,02,2019
"15,6%",telecinco,22,02,2019
"14,2%",antena3,22,02,2019
"8,5%",la1,22,02,2019
"7,7%",lasexta,22,02,2019
"4,6%",cuatro,22,02,2019
"2,7%",fdf,22,02,2019
"2,6%",la2,22,02,2019
"2,5%",neox,22,02,2019
"2,5%",energy,22,02,2019
"2,3%",nova,22,02,2019
"2,0%",paramountchannel,22,02,2019
"1,9%",divinity,22,02,2019
"1,6%",13tv,22,02,2019
"1,5%",discoverymax,22,02,2019
"1,5%",mega-espana,22,02,2019
"1,4%",clan,22,02,2019
"1,3%",atreseries,22,02,2019
"1,3%",boing,22,02,2019
"1,1%",disney-channel,22,02,2019
"1,0%",dkiss,22,02,2019
"0,9%",gol-television,22,02,2019
"0,7%",canal24horas,22,02,2019
"0,6%",bemadtv,22,02,2019
"0,5%",ten,22,02,2019
"0,2%",teledeporte,22,02,2019
"0,2%",real-madrid-tv,22,02,2019
"12,3%",telecinco,23,02,2019
"10,8%",antena3,23,02,2019
"8,8%",la1,23,02,2019
"6,4%",lasexta,23,02,2019
"5,4%",cuatro,23,02,2019
"3,1%",fdf,23,02,2019
"2,8%",la2,23,02,2019
"2,5%",energy,23,02,2019
"2,4%",neox,23,02,2019
"2,3%",paramountchannel,23,02,2019
"2,2%",13tv,23,02,2019
"1,9%",clan,23,02,2019
"1,8%",discoverymax,23,02,2019
"1,6%",divinity,23,02,2019
"1,4%",atreseries,23,02,2019
"1,3%",disney-channel,23,02,2019
"1,3%",mega-espana,23,02,2019
"1,3%",nova,23,02,2019
"1,3%",gol-television,23,02,2019
"1,3%",boing,23,02,2019
"1,1%",canal24horas,23,02,2019
"0,8%",dkiss,23,02,2019
"0,7%",bemadtv,23,02,2019
"0,5%",ten,23,02,2019
"0,4%",teledeporte,23,02,2019
"0,4%",real-madrid-tv,23,02,2019
"13,3%",telecinco,24,02,2019
"10,4%",antena3,24,02,2019
"9,4%",la1,24,02,2019
"6,5%",cuatro,24,02,2019
"5,6%",lasexta,24,02,2019
"2,9%",energy,24,02,2019
"2,7%",la2,24,02,2019
"2,6%",fdf,24,02,2019
"2,4%",neox,24,02,2019
"2,3%",13tv,24,02,2019
"2,1%",paramountchannel,24,02,2019
"1,9%",divinity,24,02,2019
"1,8%",discoverymax,24,02,2019
"1,7%",mega-espana,24,02,2019
"1,6%",atreseries,24,02,2019
"1,6%",clan,24,02,2019
"1,4%",nova,24,02,2019
"1,2%",gol-television,24,02,2019
"1,1%",boing,24,02,2019
"1,0%",disney-channel,24,02,2019
"0,9%",dkiss,24,02,2019
"0,9%",canal24horas,24,02,2019
"0,8%",bemadtv,24,02,2019
"0,5%",teledeporte,24,02,2019
"0,4%",ten,24,02,2019
"0,4%",real-madrid-tv,24,02,2019
"15,7%",telecinco,25,02,2019
"15,5%",antena3,25,02,2019
"8,1%",la1,25,02,2019
"7,8%",lasexta,25,02,2019
"4,4%",cuatro,25,02,2019
"2,7%",la2,25,02,2019
"2,5%",neox,25,02,2019
"2,5%",nova,25,02,2019
"2,5%",fdf,25,02,2019
"2,0%",energy,25,02,2019
"1,9%",divinity,25,02,2019
"1,9%",paramountchannel,25,02,2019
"1,7%",mega-espana,25,02,2019
"1,7%",13tv,25,02,2019
"1,6%",clan,25,02,2019
"1,6%",discoverymax,25,02,2019
"1,5%",gol-television,25,02,2019
"1,3%",atreseries,25,02,2019
"1,0%",boing,25,02,2019
"0,9%",dkiss,25,02,2019
"0,9%",canal24horas,25,02,2019
"0,7%",disney-channel,25,02,2019
"0,6%",ten,25,02,2019
"0,6%",bemadtv,25,02,2019
"0,3%",teledeporte,25,02,2019
"0,3%",real-madrid-tv,25,02,2019
"17,2%",telecinco,26,02,2019
"15,1%",antena3,26,02,2019
"7,7%",la1,26,02,2019
"7,3%",lasexta,26,02,2019
"4,8%",cuatro,26,02,2019
"2,7%",la2,26,02,2019
"2,3%",neox,26,02,2019
"2,3%",fdf,26,02,2019
"2,3%",energy,26,02,2019
"2,2%",nova,26,02,2019
"2,0%",paramountchannel,26,02,2019
"1,9%",divinity,26,02,2019
"1,8%",13tv,26,02,2019
"1,7%",discoverymax,26,02,2019
"1,6%",mega-espana,26,02,2019
"1,3%",clan,26,02,2019
"1,3%",atreseries,26,02,2019
"1,1%",canal24horas,26,02,2019
"0,9%",boing,26,02,2019
"0,8%",gol-television,26,02,2019
"0,7%",dkiss,26,02,2019
"0,7%",disney-channel,26,02,2019
"0,5%",bemadtv,26,02,2019
"0,4%",ten,26,02,2019
"0,2%",teledeporte,26,02,2019
"0,2%",real-madrid-tv,26,02,2019
"15,2%",la1,27,02,2019
"12,8%",telecinco,27,02,2019
"11,8%",antena3,27,02,2019
"6,6%",lasexta,27,02,2019
"4,0%",cuatro,27,02,2019
"2,9%",la2,27,02,2019
"2,4%",neox,27,02,2019
"2,3%",fdf,27,02,2019
"2,2%",gol-television,27,02,2019
"2,1%",nova,27,02,2019
"2,1%",energy,27,02,2019
"1,9%",mega-espana,27,02,2019
"1,9%",paramountchannel,27,02,2019
"1,8%",canal24horas,27,02,2019
"1,8%",divinity,27,02,2019
"1,6%",13tv,27,02,2019
"1,5%",discoverymax,27,02,2019
"1,5%",clan,27,02,2019
"1,2%",atreseries,27,02,2019
"0,9%",boing,27,02,2019
"0,8%",dkiss,27,02,2019
"0,6%",disney-channel,27,02,2019
"0,5%",teledeporte,27,02,2019
"0,5%",ten,27,02,2019
"0,5%",bemadtv,27,02,2019
"0,3%",real-madrid-tv,27,02,2019
"16,9%",telecinco,28,02,2019
"12,6%",antena3,28,02,2019
"10,1%",la1,28,02,2019
"7,5%",lasexta,28,02,2019
"3,8%",cuatro,28,02,2019
"2,5%",neox,28,02,2019
"2,5%",fdf,28,02,2019
"2,4%",la2,28,02,2019
"2,1%",nova,28,02,2019
"2,1%",energy,28,02,2019
"2,0%",divinity,28,02,2019
"1,8%",gol-television,28,02,2019
"1,8%",13tv,28,02,2019
"1,7%",paramountchannel,28,02,2019
"1,5%",clan,28,02,2019
"1,5%",mega-espana,28,02,2019
"1,5%",discoverymax,28,02,2019
"1,2%",canal24horas,28,02,2019
"1,1%",atreseries,28,02,2019
"1,0%",boing,28,02,2019
"0,8%",dkiss,28,02,2019
"0,7%",disney-channel,28,02,2019
"0,5%",bemadtv,28,02,2019
"0,4%",teledeporte,28,02,2019
"0,4%",ten,28,02,2019
"0,2%",real-madrid-tv,28,02,2019
"14,8%",telecinco,01,03,2019
"12,5%",antena3,01,03,2019
"8,3%",la1,01,03,2019
"7,3%",lasexta,01,03,2019
"4,4%",cuatro,01,03,2019
"2,7%",la2,01,03,2019
"2,5%",fdf,01,03,2019
"2,3%",neox,01,03,2019
"2,3%",energy,01,03,2019
"2,2%",nova,01,03,2019
"1,9%",divinity,01,03,2019
"1,8%",paramountchannel,01,03,2019
"1,8%",clan,01,03,2019
"1,6%",mega-espana,01,03,2019
"1,5%",13tv,01,03,2019
"1,5%",discoverymax,01,03,2019
"1,4%",boing,01,03,2019
"1,2%",atreseries,01,03,2019
"1,1%",gol-television,01,03,2019
"1,0%",dkiss,01,03,2019
"1,0%",disney-channel,01,03,2019
"0,7%",canal24horas,01,03,2019
"0,6%",teledeporte,01,03,2019
"0,5%",ten,01,03,2019
"0,5%",bemadtv,01,03,2019
"0,2%",real-madrid-tv,01,03,2019
"12,2%",telecinco,02,03,2019
"10,9%",antena3,02,03,2019
"9,9%",la1,02,03,2019
"6,0%",lasexta,02,03,2019
"5,5%",cuatro,02,03,2019
"2,7%",fdf,02,03,2019
"2,6%",la2,02,03,2019
"2,6%",energy,02,03,2019
"2,3%",neox,02,03,2019
"2,2%",paramountchannel,02,03,2019
"2,1%",divinity,02,03,2019
"1,7%",clan,02,03,2019
"1,7%",13tv,02,03,2019
"1,6%",mega-espana,02,03,2019
"1,5%",discoverymax,02,03,2019
"1,4%",nova,02,03,2019
"1,3%",boing,02,03,2019
"1,2%",disney-channel,02,03,2019
"1,2%",atreseries,02,03,2019
"1,2%",gol-television,02,03,2019
"0,9%",canal24horas,02,03,2019
"0,9%",teledeporte,02,03,2019
"0,8%",dkiss,02,03,2019
"0,5%",ten,02,03,2019
"0,5%",bemadtv,02,03,2019
"0,5%",real-madrid-tv,02,03,2019
"12,4%",telecinco,03,03,2019
"10,3%",antena3,03,03,2019
"9,2%",la1,03,03,2019
"6,4%",lasexta,03,03,2019
"6,2%",cuatro,03,03,2019
"2,8%",la2,03,03,2019
"2,7%",fdf,03,03,2019
"2,7%",energy,03,03,2019
"2,6%",paramountchannel,03,03,2019
"2,2%",divinity,03,03,2019
"2,2%",neox,03,03,2019
"2,1%",13tv,03,03,2019
"1,7%",discoverymax,03,03,2019
"1,7%",mega-espana,03,03,2019
"1,6%",clan,03,03,2019
"1,4%",atreseries,03,03,2019
"1,3%",disney-channel,03,03,2019
"1,2%",nova,03,03,2019
"1,2%",teledeporte,03,03,2019
"1,1%",gol-television,03,03,2019
"0,9%",boing,03,03,2019
"0,8%",bemadtv,03,03,2019
"0,8%",dkiss,03,03,2019
"0,8%",canal24horas,03,03,2019
"0,4%",ten,03,03,2019
"0,4%",real-madrid-tv,03,03,2019
"15,0%",telecinco,04,03,2019
"14,0%",antena3,04,03,2019
"8,0%",lasexta,04,03,2019
"7,3%",la1,04,03,2019
"4,6%",cuatro,04,03,2019
"2,7%",fdf,04,03,2019
"2,4%",neox,04,03,2019
"2,3%",energy,04,03,2019
"2,2%",nova,04,03,2019
"2,2%",la2,04,03,2019
"2,1%",divinity,04,03,2019
"1,9%",clan,04,03,2019
"1,9%",13tv,04,03,2019
"1,7%",mega-espana,04,03,2019
"1,7%",paramountchannel,04,03,2019
"1,7%",discoverymax,04,03,2019
"1,4%",atreseries,04,03,2019
"1,2%",canal24horas,04,03,2019
"1,1%",disney-channel,04,03,2019
"1,1%",boing,04,03,2019
"1,0%",gol-television,04,03,2019
"0,6%",dkiss,04,03,2019
"0,5%",bemadtv,04,03,2019
"0,4%",ten,04,03,2019
"0,3%",teledeporte,04,03,2019
"0,1%",real-madrid-tv,04,03,2019
"16,2%",telecinco,05,03,2019
"13,6%",antena3,05,03,2019
"7,8%",la1,05,03,2019
"6,6%",lasexta,05,03,2019
"4,5%",cuatro,05,03,2019
"2,7%",fdf,05,03,2019
"2,4%",la2,05,03,2019
"2,2%",nova,05,03,2019
"2,1%",neox,05,03,2019
"2,1%",energy,05,03,2019
"2,0%",13tv,05,03,2019
"2,0%",divinity,05,03,2019
"1,9%",mega-espana,05,03,2019
"1,8%",paramountchannel,05,03,2019
"1,5%",discoverymax,05,03,2019
"1,4%",clan,05,03,2019
"1,3%",gol-television,05,03,2019
"1,2%",canal24horas,05,03,2019
"1,1%",atreseries,05,03,2019
"1,0%",boing,05,03,2019
"0,8%",disney-channel,05,03,2019
"0,7%",dkiss,05,03,2019
"0,6%",teledeporte,05,03,2019
"0,5%",bemadtv,05,03,2019
"0,4%",ten,05,03,2019
"0,4%",real-madrid-tv,05,03,2019
"13,6%",telecinco,06,03,2019
"12,8%",antena3,06,03,2019
"9,0%",la1,06,03,2019
"7,6%",lasexta,06,03,2019
"5,0%",cuatro,06,03,2019
"3,1%",la2,06,03,2019
"3,0%",fdf,06,03,2019
"2,5%",neox,06,03,2019
"2,2%",nova,06,03,2019
"2,1%",mega-espana,06,03,2019
"2,1%",energy,06,03,2019
"2,0%",13tv,06,03,2019
"1,8%",clan,06,03,2019
"1,8%",divinity,06,03,2019
"1,7%",paramountchannel,06,03,2019
"1,5%",discoverymax,06,03,2019
"1,4%",canal24horas,06,03,2019
"1,3%",atreseries,06,03,2019
"1,2%",gol-television,06,03,2019
"1,0%",disney-channel,06,03,2019
"0,9%",dkiss,06,03,2019
"0,8%",boing,06,03,2019
"0,5%",bemadtv,06,03,2019
"0,4%",teledeporte,06,03,2019
"0,4%",ten,06,03,2019
"0,2%",real-madrid-tv,06,03,2019
"17,8%",telecinco,07,03,2019
"12,4%",antena3,07,03,2019
"8,4%",la1,07,03,2019
"7,3%",lasexta,07,03,2019
"4,2%",cuatro,07,03,2019
"2,7%",neox,07,03,2019
"2,5%",fdf,07,03,2019
"2,3%",la2,07,03,2019
"2,3%",nova,07,03,2019
"2,2%",divinity,07,03,2019
"2,0%",paramountchannel,07,03,2019
"1,9%",13tv,07,03,2019
"1,7%",energy,07,03,2019
"1,7%",gol-television,07,03,2019
"1,6%",mega-espana,07,03,2019
"1,6%",discoverymax,07,03,2019
"1,4%",clan,07,03,2019
"1,3%",atreseries,07,03,2019
"1,1%",canal24horas,07,03,2019
"1,0%",dkiss,07,03,2019
"0,8%",boing,07,03,2019
"0,7%",disney-channel,07,03,2019
"0,4%",ten,07,03,2019
"0,4%",bemadtv,07,03,2019
"0,3%",teledeporte,07,03,2019
"0,2%",real-madrid-tv,07,03,2019
"14,4%",telecinco,08,03,2019
"12,2%",antena3,08,03,2019
"7,7%",lasexta,08,03,2019
"7,7%",la1,08,03,2019
"5,2%",cuatro,08,03,2019
"3,0%",fdf,08,03,2019
"2,8%",la2,08,03,2019
"2,6%",neox,08,03,2019
"2,5%",energy,08,03,2019
"2,3%",nova,08,03,2019
"2,2%",divinity,08,03,2019
"2,1%",clan,08,03,2019
"2,0%",discoverymax,08,03,2019
"1,8%",13tv,08,03,2019
"1,7%",gol-television,08,03,2019
"1,7%",paramountchannel,08,03,2019
"1,5%",mega-espana,08,03,2019
"1,4%",atreseries,08,03,2019
"1,3%",boing,08,03,2019
"1,1%",disney-channel,08,03,2019
"1,0%",dkiss,08,03,2019
"1,0%",canal24horas,08,03,2019
"0,8%",bemadtv,08,03,2019
"0,5%",ten,08,03,2019
"0,4%",teledeporte,08,03,2019
"0,2%",real-madrid-tv,08,03,2019
"12,1%",telecinco,09,03,2019
"10,7%",antena3,09,03,2019
"8,9%",la1,09,03,2019
"6,0%",cuatro,09,03,2019
"5,7%",lasexta,09,03,2019
"3,0%",fdf,09,03,2019
"2,7%",la2,09,03,2019
"2,5%",neox,09,03,2019
"2,4%",discoverymax,09,03,2019
"2,4%",energy,09,03,2019
"2,3%",clan,09,03,2019
"2,0%",13tv,09,03,2019
"1,9%",paramountchannel,09,03,2019
"1,8%",divinity,09,03,2019
"1,5%",nova,09,03,2019
"1,4%",mega-espana,09,03,2019
"1,3%",atreseries,09,03,2019
"1,3%",boing,09,03,2019
"1,2%",disney-channel,09,03,2019
"1,2%",gol-television,09,03,2019
"0,8%",canal24horas,09,03,2019
"0,7%",bemadtv,09,03,2019
"0,7%",dkiss,09,03,2019
"0,5%",ten,09,03,2019
"0,4%",teledeporte,09,03,2019
"0,4%",real-madrid-tv,09,03,2019
"13,0%",telecinco,10,03,2019
"10,6%",antena3,10,03,2019
"9,6%",la1,10,03,2019
"6,6%",cuatro,10,03,2019
"5,9%",lasexta,10,03,2019
"3,0%",la2,10,03,2019
"3,0%",energy,10,03,2019
"2,6%",neox,10,03,2019
"2,5%",fdf,10,03,2019
"2,2%",paramountchannel,10,03,2019
"2,1%",divinity,10,03,2019
"1,8%",clan,10,03,2019
"1,8%",13tv,10,03,2019
"1,8%",discoverymax,10,03,2019
"1,6%",mega-espana,10,03,2019
"1,4%",atreseries,10,03,2019
"1,1%",nova,10,03,2019
"1,1%",gol-television,10,03,2019
"0,9%",canal24horas,10,03,2019
"0,9%",boing,10,03,2019
"0,8%",bemadtv,10,03,2019
"0,8%",dkiss,10,03,2019
"0,8%",disney-channel,10,03,2019
"0,5%",teledeporte,10,03,2019
"0,4%",ten,10,03,2019
"0,4%",real-madrid-tv,10,03,2019
"15,7%",telecinco,11,03,2019
"14,4%",antena3,11,03,2019
"8,1%",la1,11,03,2019
"7,8%",lasexta,11,03,2019
"4,7%",cuatro,11,03,2019
"3,0%",fdf,11,03,2019
"2,6%",la2,11,03,2019
"2,4%",neox,11,03,2019
"2,3%",nova,11,03,2019
"2,2%",energy,11,03,2019
"2,0%",divinity,11,03,2019
"1,9%",13tv,11,03,2019
"1,8%",paramountchannel,11,03,2019
"1,7%",mega-espana,11,03,2019
"1,6%",clan,11,03,2019
"1,5%",discoverymax,11,03,2019
"1,4%",atreseries,11,03,2019
"1,4%",gol-television,11,03,2019
"1,0%",canal24horas,11,03,2019
"0,8%",boing,11,03,2019
"0,7%",dkiss,11,03,2019
"0,7%",disney-channel,11,03,2019
"0,6%",bemadtv,11,03,2019
"0,6%",real-madrid-tv,11,03,2019
"0,4%",teledeporte,11,03,2019
"0,4%",ten,11,03,2019
"17,0%",telecinco,12,03,2019
"13,4%",antena3,12,03,2019
"7,7%",la1,12,03,2019
"7,4%",lasexta,12,03,2019
"4,6%",cuatro,12,03,2019
"2,8%",fdf,12,03,2019
"2,5%",la2,12,03,2019
"2,3%",neox,12,03,2019
"2,2%",nova,12,03,2019
"2,2%",paramountchannel,12,03,2019
"2,2%",energy,12,03,2019
"2,0%",13tv,12,03,2019
"2,0%",divinity,12,03,2019
"1,7%",discoverymax,12,03,2019
"1,6%",mega-espana,12,03,2019
"1,6%",clan,12,03,2019
"1,3%",gol-television,12,03,2019
"1,2%",atreseries,12,03,2019
"0,9%",canal24horas,12,03,2019
"0,8%",dkiss,12,03,2019
"0,8%",boing,12,03,2019
"0,6%",disney-channel,12,03,2019
"0,5%",teledeporte,12,03,2019
"0,5%",bemadtv,12,03,2019
"0,4%",ten,12,03,2019
"0,2%",real-madrid-tv,12,03,2019
"13,5%",telecinco,13,03,2019
"12,8%",antena3,13,03,2019
"9,2%",la1,13,03,2019
"7,5%",lasexta,13,03,2019
"4,6%",cuatro,13,03,2019
"3,0%",la2,13,03,2019
"2,8%",fdf,13,03,2019
"2,7%",neox,13,03,2019
"2,5%",nova,13,03,2019
"2,4%",energy,13,03,2019
"2,2%",divinity,13,03,2019
"1,9%",13tv,13,03,2019
"1,9%",paramountchannel,13,03,2019
"1,8%",mega-espana,13,03,2019
"1,5%",clan,13,03,2019
"1,4%",discoverymax,13,03,2019
"1,4%",gol-television,13,03,2019
"1,3%",atreseries,13,03,2019
"1,0%",boing,13,03,2019
"0,9%",canal24horas,13,03,2019
"0,8%",dkiss,13,03,2019
"0,8%",disney-channel,13,03,2019
"0,6%",bemadtv,13,03,2019
"0,4%",teledeporte,13,03,2019
"0,4%",ten,13,03,2019
"0,3%",real-madrid-tv,13,03,2019
"17,9%",telecinco,14,03,2019
"12,4%",antena3,14,03,2019
"8,3%",la1,14,03,2019
"7,4%",lasexta,14,03,2019
"4,1%",cuatro,14,03,2019
"2,9%",neox,14,03,2019
"2,6%",fdf,14,03,2019
"2,3%",divinity,14,03,2019
"2,2%",la2,14,03,2019
"2,2%",nova,14,03,2019
"2,1%",paramountchannel,14,03,2019
"2,1%",energy,14,03,2019
"1,8%",13tv,14,03,2019
"1,7%",gol-television,14,03,2019
"1,6%",discoverymax,14,03,2019
"1,5%",clan,14,03,2019
"1,5%",mega-espana,14,03,2019
"1,3%",atreseries,14,03,2019
"1,2%",canal24horas,14,03,2019
"0,9%",boing,14,03,2019
"0,8%",disney-channel,14,03,2019
"0,7%",dkiss,14,03,2019
"0,6%",bemadtv,14,03,2019
"0,5%",ten,14,03,2019
"0,4%",teledeporte,14,03,2019
"0,2%",real-madrid-tv,14,03,2019
"15,1%",telecinco,15,03,2019
"12,1%",antena3,15,03,2019
"8,3%",la1,15,03,2019
"7,8%",lasexta,15,03,2019
"4,8%",cuatro,15,03,2019
"2,7%",fdf,15,03,2019
"2,5%",la2,15,03,2019
"2,5%",neox,15,03,2019
"2,4%",nova,15,03,2019
"2,3%",energy,15,03,2019
"2,1%",divinity,15,03,2019
"2,1%",paramountchannel,15,03,2019
"1,8%",clan,15,03,2019
"1,7%",discoverymax,15,03,2019
"1,6%",atreseries,15,03,2019
"1,6%",13tv,15,03,2019
"1,5%",mega-espana,15,03,2019
"1,5%",gol-television,15,03,2019
"1,2%",dkiss,15,03,2019
"1,1%",boing,15,03,2019
"1,1%",disney-channel,15,03,2019
"0,8%",canal24horas,15,03,2019
"0,6%",bemadtv,15,03,2019
"0,5%",ten,15,03,2019
"0,3%",teledeporte,15,03,2019
"0,2%",real-madrid-tv,15,03,2019
"11,4%",telecinco,16,03,2019
"10,1%",antena3,16,03,2019
"9,5%",la1,16,03,2019
"5,8%",cuatro,16,03,2019
"5,6%",lasexta,16,03,2019
"3,1%",energy,16,03,2019
"2,7%",fdf,16,03,2019
"2,6%",neox,16,03,2019
"2,5%",la2,16,03,2019
"2,3%",clan,16,03,2019
"2,1%",13tv,16,03,2019
"2,0%",divinity,16,03,2019
"1,7%",boing,16,03,2019
"1,7%",paramountchannel,16,03,2019
"1,7%",discoverymax,16,03,2019
"1,4%",gol-television,16,03,2019
"1,3%",disney-channel,16,03,2019
"1,3%",mega-espana,16,03,2019
"1,3%",nova,16,03,2019
"1,3%",atreseries,16,03,2019
"0,9%",canal24horas,16,03,2019
"0,8%",dkiss,16,03,2019
"0,6%",teledeporte,16,03,2019
"0,5%",ten,16,03,2019
"0,5%",real-madrid-tv,16,03,2019
"0,4%",bemadtv,16,03,2019
"11,7%",telecinco,17,03,2019
"11,0%",antena3,17,03,2019
"8,8%",la1,17,03,2019
"6,3%",cuatro,17,03,2019
"5,7%",lasexta,17,03,2019
"2,8%",la2,17,03,2019
"2,7%",energy,17,03,2019
"2,7%",fdf,17,03,2019
"2,6%",neox,17,03,2019
"2,5%",paramountchannel,17,03,2019
"2,0%",13tv,17,03,2019
"1,9%",divinity,17,03,2019
"1,8%",mega-espana,17,03,2019
"1,8%",clan,17,03,2019
"1,6%",nova,17,03,2019
"1,6%",discoverymax,17,03,2019
"1,5%",gol-television,17,03,2019
"1,5%",atreseries,17,03,2019
"1,2%",boing,17,03,2019
"1,0%",disney-channel,17,03,2019
"0,8%",canal24horas,17,03,2019
"0,7%",dkiss,17,03,2019
"0,6%",teledeporte,17,03,2019
"0,6%",bemadtv,17,03,2019
"0,5%",real-madrid-tv,17,03,2019
"0,4%",ten,17,03,2019
"16,2%",telecinco,18,03,2019
"12,7%",antena3,18,03,2019
"8,5%",lasexta,18,03,2019
"8,1%",la1,18,03,2019
"5,0%",cuatro,18,03,2019
"2,9%",fdf,18,03,2019
"2,5%",la2,18,03,2019
"2,4%",nova,18,03,2019
"2,3%",neox,18,03,2019
"2,2%",paramountchannel,18,03,2019
"2,1%",13tv,18,03,2019
"2,1%",energy,18,03,2019
"2,0%",divinity,18,03,2019
"1,8%",clan,18,03,2019
"1,6%",mega-espana,18,03,2019
"1,5%",discoverymax,18,03,2019
"1,1%",atreseries,18,03,2019
"1,0%",gol-television,18,03,2019
"1,0%",boing,18,03,2019
"0,9%",dkiss,18,03,2019
"0,9%",disney-channel,18,03,2019
"0,8%",canal24horas,18,03,2019
"0,5%",ten,18,03,2019
"0,5%",bemadtv,18,03,2019
"0,3%",teledeporte,18,03,2019
"0,2%",real-madrid-tv,18,03,2019
"13,8%",telecinco,19,03,2019
"13,7%",antena3,19,03,2019
"8,2%",la1,19,03,2019
"7,8%",lasexta,19,03,2019
"5,0%",cuatro,19,03,2019
"2,8%",la2,19,03,2019
"2,7%",fdf,19,03,2019
"2,6%",neox,19,03,2019
"2,4%",nova,19,03,2019
"2,4%",energy,19,03,2019
"2,3%",paramountchannel,19,03,2019
"2,1%",divinity,19,03,2019
"1,9%",13tv,19,03,2019
"1,8%",discoverymax,19,03,2019
"1,7%",clan,19,03,2019
"1,6%",mega-espana,19,03,2019
"1,3%",atreseries,19,03,2019
"1,2%",canal24horas,19,03,2019
"1,0%",boing,19,03,2019
"0,9%",disney-channel,19,03,2019
"0,8%",dkiss,19,03,2019
"0,7%",gol-television,19,03,2019
"0,6%",bemadtv,19,03,2019
"0,4%",teledeporte,19,03,2019
"0,4%",ten,19,03,2019
"0,2%",real-madrid-tv,19,03,2019
"16,8%",telecinco,20,03,2019
"14,3%",antena3,20,03,2019
"9,3%",la1,20,03,2019
"7,2%",lasexta,20,03,2019
"4,6%",cuatro,20,03,2019
"2,8%",la2,20,03,2019
"2,5%",fdf,20,03,2019
"2,4%",nova,20,03,2019
"2,4%",neox,20,03,2019
"2,1%",energy,20,03,2019
"2,0%",paramountchannel,20,03,2019
"1,9%",divinity,20,03,2019
"1,9%",13tv,20,03,2019
"1,8%",clan,20,03,2019
"1,7%",mega-espana,20,03,2019
"1,5%",discoverymax,20,03,2019
"1,3%",atreseries,20,03,2019
"1,1%",canal24horas,20,03,2019
"1,0%",boing,20,03,2019
"0,9%",dkiss,20,03,2019
"0,8%",disney-channel,20,03,2019
"0,6%",gol-television,20,03,2019
"0,6%",bemadtv,20,03,2019
"0,4%",teledeporte,20,03,2019
"0,4%",ten,20,03,2019
"0,2%",real-madrid-tv,20,03,2019
"17,5%",telecinco,21,03,2019
"13,2%",antena3,21,03,2019
"9,3%",la1,21,03,2019
"7,7%",lasexta,21,03,2019
"4,3%",cuatro,21,03,2019
"2,8%",neox,21,03,2019
"2,6%",la2,21,03,2019
"2,4%",nova,21,03,2019
"2,3%",fdf,21,03,2019
"2,1%",divinity,21,03,2019
"2,0%",13tv,21,03,2019
"1,9%",paramountchannel,21,03,2019
"1,8%",clan,21,03,2019
"1,7%",atreseries,21,03,2019
"1,6%",energy,21,03,2019
"1,4%",mega-espana,21,03,2019
"1,4%",discoverymax,21,03,2019
"1,3%",canal24horas,21,03,2019
"0,9%",boing,21,03,2019
"0,8%",dkiss,21,03,2019
"0,7%",disney-channel,21,03,2019
"0,6%",gol-television,21,03,2019
"0,5%",bemadtv,21,03,2019
"0,4%",teledeporte,21,03,2019
"0,4%",ten,21,03,2019
"0,2%",real-madrid-tv,21,03,2019
"15,0%",telecinco,22,03,2019
"11,8%",antena3,22,03,2019
"8,8%",la1,22,03,2019
"8,1%",lasexta,22,03,2019
"4,6%",cuatro,22,03,2019
"3,0%",fdf,22,03,2019
"2,7%",la2,22,03,2019
"2,7%",neox,22,03,2019
"2,5%",divinity,22,03,2019
"2,4%",nova,22,03,2019
"2,4%",energy,22,03,2019
"2,0%",paramountchannel,22,03,2019
"2,0%",13tv,22,03,2019
"1,8%",clan,22,03,2019
"1,7%",discoverymax,22,03,2019
"1,6%",atreseries,22,03,2019
"1,4%",mega-espana,22,03,2019
"1,2%",boing,22,03,2019
"1,1%",dkiss,22,03,2019
"1,0%",disney-channel,22,03,2019
"0,9%",gol-television,22,03,2019
"0,7%",canal24horas,22,03,2019
"0,6%",bemadtv,22,03,2019
"0,4%",teledeporte,22,03,2019
"0,4%",ten,22,03,2019
"0,2%",real-madrid-tv,22,03,2019
"13,9%",la1,23,03,2019
"11,2%",telecinco,23,03,2019
"10,3%",antena3,23,03,2019
"6,9%",lasexta,23,03,2019
"5,2%",cuatro,23,03,2019
"3,0%",energy,23,03,2019
"2,9%",la2,23,03,2019
"2,7%",neox,23,03,2019
"2,4%",fdf,23,03,2019
"2,3%",clan,23,03,2019
"2,2%",13tv,23,03,2019
"2,0%",divinity,23,03,2019
"1,8%",discoverymax,23,03,2019
"1,6%",paramountchannel,23,03,2019
"1,5%",nova,23,03,2019
"1,5%",mega-espana,23,03,2019
"1,3%",disney-channel,23,03,2019
"1,2%",boing,23,03,2019
"1,2%",atreseries,23,03,2019
"0,9%",dkiss,23,03,2019
"0,9%",canal24horas,23,03,2019
"0,7%",gol-television,23,03,2019
"0,6%",teledeporte,23,03,2019
"0,5%",ten,23,03,2019
"0,5%",bemadtv,23,03,2019
"0,4%",real-madrid-tv,23,03,2019
"12,6%",telecinco,24,03,2019
"10,1%",antena3,24,03,2019
"10,0%",la1,24,03,2019
"6,4%",lasexta,24,03,2019
"5,8%",cuatro,24,03,2019
"3,2%",la2,24,03,2019
"3,1%",energy,24,03,2019
"2,6%",neox,24,03,2019
"2,5%",divinity,24,03,2019
"2,5%",fdf,24,03,2019
"2,4%",13tv,24,03,2019
"2,3%",paramountchannel,24,03,2019
"2,0%",discoverymax,24,03,2019
"2,0%",nova,24,03,2019
"1,9%",clan,24,03,2019
"1,7%",mega-espana,24,03,2019
"1,5%",atreseries,24,03,2019
"1,1%",canal24horas,24,03,2019
"1,0%",boing,24,03,2019
"0,9%",disney-channel,24,03,2019
"0,8%",dkiss,24,03,2019
"0,8%",gol-television,24,03,2019
"0,7%",bemadtv,24,03,2019
"0,4%",teledeporte,24,03,2019
"0,4%",ten,24,03,2019
"0,4%",real-madrid-tv,24,03,2019
"15,9%",telecinco,25,03,2019
"12,6%",antena3,25,03,2019
"9,4%",la1,25,03,2019
"8,4%",lasexta,25,03,2019
"4,9%",cuatro,25,03,2019
"2,7%",fdf,25,03,2019
"2,4%",la2,25,03,2019
"2,4%",energy,25,03,2019
"2,3%",neox,25,03,2019
"2,2%",nova,25,03,2019
"2,1%",divinity,25,03,2019
"1,9%",paramountchannel,25,03,2019
"1,9%",clan,25,03,2019
"1,9%",13tv,25,03,2019
"1,7%",discoverymax,25,03,2019
"1,6%",mega-espana,25,03,2019
"1,3%",atreseries,25,03,2019
"1,1%",canal24horas,25,03,2019
"0,9%",dkiss,25,03,2019
"0,9%",boing,25,03,2019
"0,9%",gol-television,25,03,2019
"0,8%",disney-channel,25,03,2019
"0,6%",bemadtv,25,03,2019
"0,5%",ten,25,03,2019
"0,3%",teledeporte,25,03,2019
"0,2%",real-madrid-tv,25,03,2019
"14,9%",la1,26,03,2019
"13,7%",telecinco,26,03,2019
"13,1%",antena3,26,03,2019
"7,1%",lasexta,26,03,2019
"4,2%",cuatro,26,03,2019
"2,5%",fdf,26,03,2019
"2,5%",la2,26,03,2019
"2,4%",nova,26,03,2019
"2,3%",neox,26,03,2019
"2,3%",divinity,26,03,2019
"2,0%",paramountchannel,26,03,2019
"1,9%",energy,26,03,2019
"1,9%",13tv,26,03,2019
"1,8%",clan,26,03,2019
"1,6%",discoverymax,26,03,2019
"1,5%",mega-espana,26,03,2019
"1,0%",atreseries,26,03,2019
"1,0%",canal24horas,26,03,2019
"0,9%",dkiss,26,03,2019
"0,9%",boing,26,03,2019
"0,7%",disney-channel,26,03,2019
"0,6%",gol-television,26,03,2019
"0,6%",ten,26,03,2019
"0,5%",bemadtv,26,03,2019
"0,4%",teledeporte,26,03,2019
"0,2%",real-madrid-tv,26,03,2019
"16,2%",telecinco,27,03,2019
"14,6%",antena3,27,03,2019
"8,5%",la1,27,03,2019
"7,7%",lasexta,27,03,2019
"4,2%",cuatro,27,03,2019
"2,9%",la2,27,03,2019
"2,7%",fdf,27,03,2019
"2,6%",neox,27,03,2019
"2,4%",nova,27,03,2019
"2,2%",divinity,27,03,2019
"2,1%",paramountchannel,27,03,2019
"1,9%",13tv,27,03,2019
"1,9%",energy,27,03,2019
"1,8%",discoverymax,27,03,2019
"1,7%",clan,27,03,2019
"1,7%",mega-espana,27,03,2019
"1,4%",atreseries,27,03,2019
"1,0%",canal24horas,27,03,2019
"0,9%",disney-channel,27,03,2019
"0,9%",boing,27,03,2019
"0,8%",dkiss,27,03,2019
"0,6%",gol-television,27,03,2019
"0,6%",bemadtv,27,03,2019
"0,5%",ten,27,03,2019
"0,3%",teledeporte,27,03,2019
"0,2%",real-madrid-tv,27,03,2019
"17,5%",telecinco,28,03,2019
"12,8%",antena3,28,03,2019
"9,5%",la1,28,03,2019
"7,8%",lasexta,28,03,2019
"4,0%",cuatro,28,03,2019
"2,8%",fdf,28,03,2019
"2,7%",neox,28,03,2019
"2,4%",la2,28,03,2019
"2,2%",nova,28,03,2019
"2,2%",divinity,28,03,2019
"2,1%",13tv,28,03,2019
"2,1%",energy,28,03,2019
"2,0%",paramountchannel,28,03,2019
"1,8%",clan,28,03,2019
"1,6%",discoverymax,28,03,2019
"1,5%",mega-espana,28,03,2019
"1,3%",atreseries,28,03,2019
"1,0%",canal24horas,28,03,2019
"0,9%",dkiss,28,03,2019
"0,8%",boing,28,03,2019
"0,8%",disney-channel,28,03,2019
"0,6%",bemadtv,28,03,2019
"0,5%",gol-television,28,03,2019
"0,4%",teledeporte,28,03,2019
"0,4%",ten,28,03,2019
"0,2%",real-madrid-tv,28,03,2019
"15,2%",telecinco,29,03,2019
"12,2%",antena3,29,03,2019
"8,8%",la1,29,03,2019
"7,9%",lasexta,29,03,2019
"4,6%",cuatro,29,03,2019
"2,8%",nova,29,03,2019
"2,6%",fdf,29,03,2019
"2,5%",neox,29,03,2019
"2,5%",la2,29,03,2019
"2,4%",energy,29,03,2019
"2,3%",divinity,29,03,2019
"1,9%",paramountchannel,29,03,2019
"1,8%",clan,29,03,2019
"1,7%",discoverymax,29,03,2019
"1,6%",mega-espana,29,03,2019
"1,6%",13tv,29,03,2019
"1,4%",atreseries,29,03,2019
"1,3%",boing,29,03,2019
"1,1%",gol-television,29,03,2019
"1,0%",dkiss,29,03,2019
"1,0%",disney-channel,29,03,2019
"0,7%",canal24horas,29,03,2019
"0,6%",ten,29,03,2019
"0,6%",bemadtv,29,03,2019
"0,3%",teledeporte,29,03,2019
"0,3%",real-madrid-tv,29,03,2019
"10,8%",la1,30,03,2019
"10,4%",antena3,30,03,2019
"9,0%",telecinco,30,03,2019
"6,4%",lasexta,30,03,2019
"5,8%",cuatro,30,03,2019
"2,8%",fdf,30,03,2019
"2,8%",la2,30,03,2019
"2,7%",neox,30,03,2019
"2,5%",energy,30,03,2019
"2,3%",clan,30,03,2019
"2,3%",divinity,30,03,2019
"2,3%",paramountchannel,30,03,2019
"1,9%",13tv,30,03,2019
"1,8%",nova,30,03,2019
"1,8%",discoverymax,30,03,2019
"1,7%",boing,30,03,2019
"1,6%",mega-espana,30,03,2019
"1,4%",atreseries,30,03,2019
"1,1%",disney-channel,30,03,2019
"1,1%",canal24horas,30,03,2019
"1,0%",gol-television,30,03,2019
"0,8%",dkiss,30,03,2019
"0,7%",bemadtv,30,03,2019
"0,5%",teledeporte,30,03,2019
"0,4%",ten,30,03,2019
"0,4%",real-madrid-tv,30,03,2019
"11,8%",telecinco,31,03,2019
"10,4%",antena3,31,03,2019
"10,2%",la1,31,03,2019
"8,2%",lasexta,31,03,2019
"5,2%",cuatro,31,03,2019
"2,7%",neox,31,03,2019
"2,7%",fdf,31,03,2019
"2,6%",la2,31,03,2019
"2,6%",nova,31,03,2019
"2,4%",energy,31,03,2019
"2,0%",13tv,31,03,2019
"1,7%",clan,31,03,2019
"1,7%",mega-espana,31,03,2019
"1,7%",divinity,31,03,2019
"1,7%",paramountchannel,31,03,2019
"1,6%",gol-television,31,03,2019
"1,6%",discoverymax,31,03,2019
"1,2%",atreseries,31,03,2019
"1,0%",canal24horas,31,03,2019
"1,0%",boing,31,03,2019
"0,9%",disney-channel,31,03,2019
"0,7%",dkiss,31,03,2019
"0,6%",teledeporte,31,03,2019
"0,6%",bemadtv,31,03,2019
"0,5%",ten,31,03,2019
"0,5%",real-madrid-tv,31,03,2019
"16,5%",telecinco,01,04,2019
"11,7%",antena3,01,04,2019
"9,7%",la1,01,04,2019
"8,4%",lasexta,01,04,2019
"5,0%",cuatro,01,04,2019
"2,6%",fdf,01,04,2019
"2,6%",la2,01,04,2019
"2,5%",neox,01,04,2019
"2,5%",paramountchannel,01,04,2019
"2,4%",energy,01,04,2019
"2,1%",nova,01,04,2019
"2,1%",13tv,01,04,2019
"2,0%",divinity,01,04,2019
"1,7%",clan,01,04,2019
"1,6%",mega-espana,01,04,2019
"1,6%",discoverymax,01,04,2019
"1,1%",atreseries,01,04,2019
"1,0%",gol-television,01,04,2019
"0,9%",boing,01,04,2019
"0,8%",dkiss,01,04,2019
"0,8%",canal24horas,01,04,2019
"0,8%",disney-channel,01,04,2019
"0,5%",ten,01,04,2019
"0,5%",bemadtv,01,04,2019
"0,3%",teledeporte,01,04,2019
"0,2%",real-madrid-tv,01,04,2019
"13,7%",telecinco,02,04,2019
"12,6%",antena3,02,04,2019
"10,6%",la1,02,04,2019
"7,6%",lasexta,02,04,2019
"4,5%",cuatro,02,04,2019
"2,7%",fdf,02,04,2019
"2,5%",la2,02,04,2019
"2,5%",neox,02,04,2019
"2,3%",nova,02,04,2019
"2,3%",energy,02,04,2019
"2,2%",divinity,02,04,2019
"2,1%",13tv,02,04,2019
"2,0%",paramountchannel,02,04,2019
"1,7%",discoverymax,02,04,2019
"1,6%",mega-espana,02,04,2019
"1,6%",clan,02,04,2019
"1,1%",gol-television,02,04,2019
"1,1%",atreseries,02,04,2019
"1,0%",canal24horas,02,04,2019
"0,9%",dkiss,02,04,2019
"0,9%",boing,02,04,2019
"0,8%",disney-channel,02,04,2019
"0,5%",ten,02,04,2019
"0,5%",bemadtv,02,04,2019
"0,3%",teledeporte,02,04,2019
"0,2%",real-madrid-tv,02,04,2019
"16,0%",telecinco,03,04,2019
"14,0%",antena3,03,04,2019
"8,4%",la1,03,04,2019
"6,9%",lasexta,03,04,2019
"4,6%",cuatro,03,04,2019
"2,8%",la2,03,04,2019
"2,5%",neox,03,04,2019
"2,5%",fdf,03,04,2019
"2,3%",nova,03,04,2019
"2,2%",divinity,03,04,2019
"1,9%",paramountchannel,03,04,2019
"1,8%",13tv,03,04,2019
"1,7%",energy,03,04,2019
"1,6%",mega-espana,03,04,2019
"1,6%",clan,03,04,2019
"1,6%",discoverymax,03,04,2019
"1,2%",atreseries,03,04,2019
"1,1%",canal24horas,03,04,2019
"0,9%",gol-television,03,04,2019
"0,8%",disney-channel,03,04,2019
"0,8%",boing,03,04,2019
"0,7%",dkiss,03,04,2019
"0,5%",ten,03,04,2019
"0,4%",teledeporte,03,04,2019
"0,4%",bemadtv,03,04,2019
"0,3%",real-madrid-tv,03,04,2019
"17,6%",telecinco,04,04,2019
"12,6%",antena3,04,04,2019
"8,9%",la1,04,04,2019
"8,0%",lasexta,04,04,2019
"4,0%",cuatro,04,04,2019
"3,0%",la2,04,04,2019
"2,7%",fdf,04,04,2019
"2,5%",neox,04,04,2019
"2,2%",nova,04,04,2019
"2,1%",13tv,04,04,2019
"2,1%",paramountchannel,04,04,2019
"1,9%",energy,04,04,2019
"1,8%",clan,04,04,2019
"1,8%",divinity,04,04,2019
"1,6%",discoverymax,04,04,2019
"1,5%",mega-espana,04,04,2019
"1,5%",gol-television,04,04,2019
"1,1%",atreseries,04,04,2019
"1,1%",canal24horas,04,04,2019
"0,8%",dkiss,04,04,2019
"0,8%",boing,04,04,2019
"0,8%",disney-channel,04,04,2019
"0,6%",bemadtv,04,04,2019
"0,4%",ten,04,04,2019
"0,3%",teledeporte,04,04,2019
"0,1%",real-madrid-tv,04,04,2019
"15,2%",telecinco,05,04,2019
"11,9%",antena3,05,04,2019
"8,6%",la1,05,04,2019
"7,7%",lasexta,05,04,2019
"4,6%",cuatro,05,04,2019
"3,0%",fdf,05,04,2019
"3,0%",la2,05,04,2019
"2,9%",neox,05,04,2019
"2,6%",energy,05,04,2019
"2,2%",nova,05,04,2019
"2,2%",divinity,05,04,2019
"2,1%",paramountchannel,05,04,2019
"1,9%",clan,05,04,2019
"1,9%",13tv,05,04,2019
"1,7%",discoverymax,05,04,2019
"1,6%",mega-espana,05,04,2019
"1,4%",atreseries,05,04,2019
"1,1%",gol-television,05,04,2019
"1,1%",boing,05,04,2019
"1,0%",disney-channel,05,04,2019
"0,9%",dkiss,05,04,2019
"0,6%",canal24horas,05,04,2019
"0,6%",bemadtv,05,04,2019
"0,4%",teledeporte,05,04,2019
"0,4%",ten,05,04,2019
"0,2%",real-madrid-tv,05,04,2019
"11,2%",antena3,06,04,2019
"11,1%",telecinco,06,04,2019
"9,6%",la1,06,04,2019
"6,4%",cuatro,06,04,2019
"5,5%",lasexta,06,04,2019
"2,8%",fdf,06,04,2019
"2,5%",neox,06,04,2019
"2,4%",la2,06,04,2019
"2,3%",clan,06,04,2019
"2,3%",energy,06,04,2019
"2,1%",13tv,06,04,2019
"2,0%",paramountchannel,06,04,2019
"1,8%",divinity,06,04,2019
"1,7%",discoverymax,06,04,2019
"1,6%",nova,06,04,2019
"1,5%",mega-espana,06,04,2019
"1,4%",boing,06,04,2019
"1,3%",disney-channel,06,04,2019
"1,3%",gol-television,06,04,2019
"1,0%",atreseries,06,04,2019
"0,8%",canal24horas,06,04,2019
"0,7%",dkiss,06,04,2019
"0,6%",teledeporte,06,04,2019
"0,5%",bemadtv,06,04,2019
"0,5%",real-madrid-tv,06,04,2019
"0,4%",ten,06,04,2019
"11,9%",telecinco,07,04,2019
"11,2%",la1,07,04,2019
"9,6%",antena3,07,04,2019
"6,5%",lasexta,07,04,2019
"5,4%",cuatro,07,04,2019
"2,8%",la2,07,04,2019
"2,7%",fdf,07,04,2019
"2,5%",neox,07,04,2019
"2,2%",nova,07,04,2019
"2,1%",13tv,07,04,2019
"2,1%",paramountchannel,07,04,2019
"1,9%",energy,07,04,2019
"1,8%",clan,07,04,2019
"1,8%",divinity,07,04,2019
"1,6%",discoverymax,07,04,2019
"1,5%",mega-espana,07,04,2019
"1,5%",gol-television,07,04,2019
"1,1%",atreseries,07,04,2019
"1,1%",canal24horas,07,04,2019
"0,8%",dkiss,07,04,2019
"0,8%",boing,07,04,2019
"0,8%",disney-channel,07,04,2019
"0,6%",bemadtv,07,04,2019
"0,4%",ten,07,04,2019
"0,3%",teledeporte,07,04,2019
"0,1%",real-madrid-tv,07,04,2019
"16,3%",telecinco,08,04,2019
"11,7%",antena3,08,04,2019
"9,3%",la1,08,04,2019
"8,6%",lasexta,08,04,2019
"5,0%",cuatro,08,04,2019
"2,6%",la2,08,04,2019
"2,6%",fdf,08,04,2019
"2,4%",nova,08,04,2019
"2,4%",energy,08,04,2019
"2,3%",neox,08,04,2019
"2,1%",13tv,08,04,2019
"2,0%",divinity,08,04,2019
"2,0%",paramountchannel,08,04,2019
"1,9%",clan,08,04,2019
"1,6%",discoverymax,08,04,2019
"1,5%",mega-espana,08,04,2019
"1,3%",atreseries,08,04,2019
"1,2%",gol-television,08,04,2019
"0,9%",boing,08,04,2019
"0,8%",dkiss,08,04,2019
"0,8%",disney-channel,08,04,2019
"0,7%",canal24horas,08,04,2019
"0,6%",bemadtv,08,04,2019
"0,5%",ten,08,04,2019
"0,4%",teledeporte,08,04,2019
"0,2%",real-madrid-tv,08,04,2019
"13,9%",telecinco,09,04,2019
"13,2%",antena3,09,04,2019
"10,9%",la1,09,04,2019
"8,7%",lasexta,09,04,2019
"4,3%",cuatro,09,04,2019
"3,0%",fdf,09,04,2019
"2,4%",la2,09,04,2019
"2,4%",nova,09,04,2019
"2,3%",13tv,09,04,2019
"2,2%",divinity,09,04,2019
"2,2%",paramountchannel,09,04,2019
"2,1%",neox,09,04,2019
"2,0%",energy,09,04,2019
"1,9%",clan,09,04,2019
"1,7%",discoverymax,09,04,2019
"1,4%",mega-espana,09,04,2019
"1,2%",atreseries,09,04,2019
"1,0%",canal24horas,09,04,2019
"0,8%",dkiss,09,04,2019
"0,8%",boing,09,04,2019
"0,8%",gol-television,09,04,2019
"0,7%",disney-channel,09,04,2019
"0,5%",ten,09,04,2019
"0,4%",teledeporte,09,04,2019
"0,4%",bemadtv,09,04,2019
"0,2%",real-madrid-tv,09,04,2019
"17,2%",telecinco,10,04,2019
"14,5%",antena3,10,04,2019
"8,1%",la1,10,04,2019
"7,0%",lasexta,10,04,2019
"4,9%",cuatro,10,04,2019
"2,6%",la2,10,04,2019
"2,5%",fdf,10,04,2019
"2,4%",neox,10,04,2019
"2,2%",nova,10,04,2019
"2,0%",divinity,10,04,2019
"1,9%",13tv,10,04,2019
"1,8%",clan,10,04,2019
"1,8%",paramountchannel,10,04,2019
"1,7%",energy,10,04,2019
"1,6%",mega-espana,10,04,2019
"1,6%",discoverymax,10,04,2019
"1,2%",atreseries,10,04,2019
"1,0%",gol-television,10,04,2019
"0,9%",canal24horas,10,04,2019
"0,9%",boing,10,04,2019
"0,8%",dkiss,10,04,2019
"0,8%",disney-channel,10,04,2019
"0,5%",bemadtv,10,04,2019
"0,4%",teledeporte,10,04,2019
"0,4%",ten,10,04,2019
"0,1%",real-madrid-tv,10,04,2019
,,11,04,2019
"15,8%",telecinco,12,04,2019
"12,0%",antena3,12,04,2019
"7,9%",la1,12,04,2019
"7,5%",lasexta,12,04,2019
"4,7%",cuatro,12,04,2019
"2,9%",neox,12,04,2019
"2,7%",fdf,12,04,2019
"2,6%",la2,12,04,2019
"2,5%",energy,12,04,2019
"2,4%",nova,12,04,2019
"2,3%",divinity,12,04,2019
"2,2%",paramountchannel,12,04,2019
"2,1%",13tv,12,04,2019
"1,8%",clan,12,04,2019
"1,7%",discoverymax,12,04,2019
"1,5%",mega-espana,12,04,2019
"1,3%",atreseries,12,04,2019
"1,2%",boing,12,04,2019
"1,1%",disney-channel,12,04,2019
"1,1%",gol-television,12,04,2019
"1,0%",dkiss,12,04,2019
"0,6%",canal24horas,12,04,2019
"0,6%",bemadtv,12,04,2019
"0,5%",teledeporte,12,04,2019
"0,4%",ten,12,04,2019
"0,2%",real-madrid-tv,12,04,2019
"11,8%",telecinco,13,04,2019
"10,2%",antena3,13,04,2019
"9,4%",la1,13,04,2019
"6,6%",lasexta,13,04,2019
"5,7%",cuatro,13,04,2019
"3,1%",fdf,13,04,2019
"2,8%",neox,13,04,2019
"2,7%",energy,13,04,2019
"2,6%",la2,13,04,2019
"2,2%",clan,13,04,2019
"2,2%",divinity,13,04,2019
"2,0%",13tv,13,04,2019
"1,9%",paramountchannel,13,04,2019
"1,7%",nova,13,04,2019
"1,5%",discoverymax,13,04,2019
"1,4%",disney-channel,13,04,2019
"1,3%",boing,13,04,2019
"1,2%",atreseries,13,04,2019
"1,2%",mega-espana,13,04,2019
"1,1%",gol-television,13,04,2019
"0,9%",canal24horas,13,04,2019
"0,8%",bemadtv,13,04,2019
"0,8%",dkiss,13,04,2019
"0,5%",teledeporte,13,04,2019
"0,4%",real-madrid-tv,13,04,2019
"0,3%",ten,13,04,2019
"12,9%",telecinco,14,04,2019
"10,4%",la1,14,04,2019
"9,6%",antena3,14,04,2019
"5,9%",cuatro,14,04,2019
"4,3%",lasexta,14,04,2019
"3,0%",la2,14,04,2019
"2,9%",energy,14,04,2019
"2,7%",13tv,14,04,2019
"2,7%",neox,14,04,2019
"2,6%",fdf,14,04,2019
"2,1%",nova,14,04,2019
"2,1%",divinity,14,04,2019
"1,8%",clan,14,04,2019
"1,7%",paramountchannel,14,04,2019
"1,7%",discoverymax,14,04,2019
"1,7%",mega-espana,14,04,2019
"1,6%",gol-television,14,04,2019
"1,4%",atreseries,14,04,2019
"1,0%",boing,14,04,2019
"0,9%",canal24horas,14,04,2019
"0,9%",disney-channel,14,04,2019
"0,8%",bemadtv,14,04,2019
"0,8%",teledeporte,14,04,2019
"0,7%",dkiss,14,04,2019
"0,4%",real-madrid-tv,14,04,2019
"0,3%",ten,14,04,2019
"16,3%",telecinco,15,04,2019
"10,9%",antena3,15,04,2019
"9,3%",la1,15,04,2019
"6,7%",lasexta,15,04,2019
"5,1%",cuatro,15,04,2019
"2,6%",fdf,15,04,2019
"2,6%",la2,15,04,2019
"2,3%",clan,15,04,2019
"2,3%",neox,15,04,2019
"2,3%",nova,15,04,2019
"2,2%",13tv,15,04,2019
"2,2%",energy,15,04,2019
"2,0%",divinity,15,04,2019
"1,9%",paramountchannel,15,04,2019
"1,6%",mega-espana,15,04,2019
"1,3%",canal24horas,15,04,2019
"1,3%",discoverymax,15,04,2019
"1,2%",atreseries,15,04,2019
"1,1%",disney-channel,15,04,2019
"1,0%",boing,15,04,2019
"0,9%",dkiss,15,04,2019
"0,8%",gol-television,15,04,2019
"0,6%",teledeporte,15,04,2019
"0,5%",bemadtv,15,04,2019
"0,4%",ten,15,04,2019
"0,3%",real-madrid-tv,15,04,2019
"13,5%",telecinco,16,04,2019
"12,0%",antena3,16,04,2019
"8,9%",la1,16,04,2019
"6,4%",lasexta,16,04,2019
"5,0%",cuatro,16,04,2019
"2,9%",fdf,16,04,2019
"2,7%",la2,16,04,2019
"2,3%",nova,16,04,2019
"2,3%",neox,16,04,2019
"2,3%",divinity,16,04,2019
"2,3%",energy,16,04,2019
"2,1%",clan,16,04,2019
"1,8%",13tv,16,04,2019
"1,8%",paramountchannel,16,04,2019
"1,6%",mega-espana,16,04,2019
"1,6%",discoverymax,16,04,2019
"1,4%",atreseries,16,04,2019
"1,4%",canal24horas,16,04,2019
"1,3%",gol-television,16,04,2019
"1,2%",disney-channel,16,04,2019
"1,2%",boing,16,04,2019
"1,0%",dkiss,16,04,2019
"0,5%",ten,16,04,2019
"0,4%",teledeporte,16,04,2019
"0,4%",bemadtv,16,04,2019
"0,1%",real-madrid-tv,16,04,2019
"13,2%",telecinco,17,04,2019
"12,4%",antena3,17,04,2019
"8,2%",la1,17,04,2019
"6,1%",lasexta,17,04,2019
"5,0%",cuatro,17,04,2019
"3,2%",la2,17,04,2019
"2,8%",fdf,17,04,2019
"2,7%",neox,17,04,2019
"2,5%",13tv,17,04,2019
"2,4%",nova,17,04,2019
"2,3%",divinity,17,04,2019
"2,2%",clan,17,04,2019
"1,9%",paramountchannel,17,04,2019
"1,8%",energy,17,04,2019
"1,6%",mega-espana,17,04,2019
"1,6%",discoverymax,17,04,2019
"1,5%",boing,17,04,2019
"1,3%",atreseries,17,04,2019
"1,1%",disney-channel,17,04,2019
"1,1%",gol-television,17,04,2019
"1,0%",dkiss,17,04,2019
"0,9%",canal24horas,17,04,2019
"0,7%",bemadtv,17,04,2019
"0,5%",ten,17,04,2019
"0,4%",teledeporte,17,04,2019
"0,1%",real-madrid-tv,17,04,2019
"11,8%",antena3,18,04,2019
"11,6%",telecinco,18,04,2019
"8,0%",la1,18,04,2019
"6,2%",lasexta,18,04,2019
"5,1%",cuatro,18,04,2019
"2,9%",la2,18,04,2019
"2,8%",neox,18,04,2019
"2,7%",fdf,18,04,2019
"2,6%",13tv,18,04,2019
"2,4%",paramountchannel,18,04,2019
"2,3%",nova,18,04,2019
"2,2%",clan,18,04,2019
"2,2%",energy,18,04,2019
"2,0%",divinity,18,04,2019
"1,9%",discoverymax,18,04,2019
"1,6%",mega-espana,18,04,2019
"1,3%",disney-channel,18,04,2019
"1,2%",atreseries,18,04,2019
"1,1%",dkiss,18,04,2019
"1,1%",boing,18,04,2019
"1,1%",gol-television,18,04,2019
"0,8%",canal24horas,18,04,2019
"0,7%",bemadtv,18,04,2019
"0,5%",ten,18,04,2019
"0,4%",teledeporte,18,04,2019
"0,3%",real-madrid-tv,18,04,2019
"10,6%",antena3,19,04,2019
"10,2%",la1,19,04,2019
"9,0%",telecinco,19,04,2019
"6,2%",lasexta,19,04,2019
"5,5%",cuatro,19,04,2019
"3,2%",fdf,19,04,2019
"2,9%",energy,19,04,2019
"2,7%",neox,19,04,2019
"2,5%",divinity,19,04,2019
"2,4%",la2,19,04,2019
"2,2%",paramountchannel,19,04,2019
"2,0%",discoverymax,19,04,2019
"1,8%",clan,19,04,2019
"1,8%",nova,19,04,2019
"1,7%",13tv,19,04,2019
"1,5%",atreseries,19,04,2019
"1,5%",mega-espana,19,04,2019
"1,4%",dkiss,19,04,2019
"1,3%",disney-channel,19,04,2019
"1,1%",boing,19,04,2019
"0,9%",gol-television,19,04,2019
"0,8%",canal24horas,19,04,2019
"0,8%",bemadtv,19,04,2019
"0,6%",ten,19,04,2019
"0,4%",teledeporte,19,04,2019
"0,3%",real-madrid-tv,19,04,2019
"10,9%",telecinco,20,04,2019
"10,7%",antena3,20,04,2019
"9,4%",la1,20,04,2019
"7,2%",lasexta,20,04,2019
"5,3%",cuatro,20,04,2019
"3,0%",fdf,20,04,2019
"2,5%",paramountchannel,20,04,2019
"2,5%",neox,20,04,2019
"2,5%",energy,20,04,2019
"2,3%",la2,20,04,2019
"2,2%",clan,20,04,2019
"2,2%",13tv,20,04,2019
"2,0%",divinity,20,04,2019
"1,6%",discoverymax,20,04,2019
"1,4%",nova,20,04,2019
"1,3%",disney-channel,20,04,2019
"1,3%",mega-espana,20,04,2019
"1,3%",boing,20,04,2019
"1,2%",atreseries,20,04,2019
"1,1%",gol-television,20,04,2019
"0,8%",dkiss,20,04,2019
"0,8%",canal24horas,20,04,2019
"0,7%",bemadtv,20,04,2019
"0,6%",teledeporte,20,04,2019
"0,4%",ten,20,04,2019
"0,3%",real-madrid-tv,20,04,2019
"10,8%",antena3,21,04,2019
"10,1%",telecinco,21,04,2019
"10,1%",la1,21,04,2019
"5,9%",cuatro,21,04,2019
"4,7%",lasexta,21,04,2019
"3,0%",la2,21,04,2019
"2,9%",fdf,21,04,2019
"2,7%",energy,21,04,2019
"2,7%",divinity,21,04,2019
"2,7%",13tv,21,04,2019
"2,4%",neox,21,04,2019
"2,2%",nova,21,04,2019
"2,0%",clan,21,04,2019
"1,8%",paramountchannel,21,04,2019
"1,8%",mega-espana,21,04,2019
"1,7%",discoverymax,21,04,2019
"1,4%",gol-television,21,04,2019
"1,3%",atreseries,21,04,2019
"1,2%",boing,21,04,2019
"1,0%",canal24horas,21,04,2019
"1,0%",disney-channel,21,04,2019
"0,9%",bemadtv,21,04,2019
"0,8%",dkiss,21,04,2019
"0,7%",teledeporte,21,04,2019
"0,5%",real-madrid-tv,21,04,2019
"0,3%",ten,21,04,2019
"14,6%",la1,22,04,2019
"13,5%",telecinco,22,04,2019
"10,5%",antena3,22,04,2019
"7,2%",lasexta,22,04,2019
"5,1%",cuatro,22,04,2019
"2,5%",energy,22,04,2019
"2,5%",fdf,22,04,2019
"2,4%",divinity,22,04,2019
"2,3%",neox,22,04,2019
"2,2%",la2,22,04,2019
"2,1%",nova,22,04,2019
"2,1%",13tv,22,04,2019
"2,0%",paramountchannel,22,04,2019
"1,8%",discoverymax,22,04,2019
"1,7%",clan,22,04,2019
"1,3%",mega-espana,22,04,2019
"1,2%",canal24horas,22,04,2019
"1,1%",disney-channel,22,04,2019
"1,1%",atreseries,22,04,2019
"1,1%",boing,22,04,2019
"0,9%",gol-television,22,04,2019
"0,8%",dkiss,22,04,2019
"0,6%",bemadtv,22,04,2019
"0,5%",ten,22,04,2019
"0,4%",teledeporte,22,04,2019
"0,2%",real-madrid-tv,22,04,2019
"16,5%",antena3,23,04,2019
"13,0%",lasexta,23,04,2019
"11,5%",telecinco,23,04,2019
"8,7%",la1,23,04,2019
"3,8%",cuatro,23,04,2019
"2,7%",la2,23,04,2019
"2,3%",paramountchannel,23,04,2019
"2,3%",divinity,23,04,2019
"2,3%",fdf,23,04,2019
"2,2%",neox,23,04,2019
"2,1%",energy,23,04,2019
"2,0%",nova,23,04,2019
"1,7%",13tv,23,04,2019
"1,7%",clan,23,04,2019
"1,5%",discoverymax,23,04,2019
"1,4%",mega-espana,23,04,2019
"1,0%",atreseries,23,04,2019
"0,8%",dkiss,23,04,2019
"0,8%",boing,23,04,2019
"0,8%",gol-television,23,04,2019
"0,8%",disney-channel,23,04,2019
"0,7%",canal24horas,23,04,2019
"0,6%",bemadtv,23,04,2019
"0,4%",teledeporte,23,04,2019
"0,4%",ten,23,04,2019
"0,2%",real-madrid-tv,23,04,2019
"16,1%",telecinco,24,04,2019
"12,6%",antena3,24,04,2019
"8,1%",la1,24,04,2019
"8,0%",lasexta,24,04,2019
"4,8%",cuatro,24,04,2019
"3,0%",la2,24,04,2019
"2,3%",divinity,24,04,2019
"2,3%",nova,24,04,2019
"2,2%",neox,24,04,2019
"2,1%",13tv,24,04,2019
"2,1%",fdf,24,04,2019
"1,8%",energy,24,04,2019
"1,8%",paramountchannel,24,04,2019
"1,7%",clan,24,04,2019
"1,6%",mega-espana,24,04,2019
"1,4%",discoverymax,24,04,2019
"1,4%",gol-television,24,04,2019
"1,2%",atreseries,24,04,2019
"1,0%",canal24horas,24,04,2019
"1,0%",boing,24,04,2019
"0,9%",dkiss,24,04,2019
"0,9%",teledeporte,24,04,2019
"0,8%",disney-channel,24,04,2019
"0,6%",bemadtv,24,04,2019
"0,4%",ten,24,04,2019
"0,2%",real-madrid-tv,24,04,2019
"20,5%",telecinco,25,04,2019
"11,4%",antena3,25,04,2019
"8,7%",la1,25,04,2019
"7,3%",lasexta,25,04,2019
"4,3%",cuatro,25,04,2019
"2,6%",neox,25,04,2019
"2,4%",la2,25,04,2019
"2,1%",energy,25,04,2019
"2,1%",divinity,25,04,2019
"2,1%",fdf,25,04,2019
"2,0%",nova,25,04,2019
"1,9%",13tv,25,04,2019
"1,9%",clan,25,04,2019
"1,8%",paramountchannel,25,04,2019
"1,5%",discoverymax,25,04,2019
"1,4%",atreseries,25,04,2019
"1,3%",mega-espana,25,04,2019
"0,9%",dkiss,25,04,2019
"0,9%",boing,25,04,2019
"0,9%",disney-channel,25,04,2019
"0,9%",teledeporte,25,04,2019
"0,8%",gol-television,25,04,2019
"0,8%",canal24horas,25,04,2019
"0,5%",bemadtv,25,04,2019
"0,4%",ten,25,04,2019
"0,3%",real-madrid-tv,25,04,2019
"15,7%",telecinco,26,04,2019
"11,9%",antena3,26,04,2019
"8,1%",lasexta,26,04,2019
"7,4%",la1,26,04,2019
"4,8%",cuatro,26,04,2019
"3,3%",neox,26,04,2019
"2,8%",fdf,26,04,2019
"2,6%",nova,26,04,2019
"2,5%",la2,26,04,2019
"2,5%",paramountchannel,26,04,2019
"2,4%",energy,26,04,2019
"2,4%",divinity,26,04,2019
"1,9%",clan,26,04,2019
"1,7%",13tv,26,04,2019
"1,5%",mega-espana,26,04,2019
"1,4%",atreseries,26,04,2019
"1,4%",boing,26,04,2019
"1,4%",discoverymax,26,04,2019
"1,2%",dkiss,26,04,2019
"1,0%",disney-channel,26,04,2019
"0,9%",gol-television,26,04,2019
"0,9%",teledeporte,26,04,2019
"0,6%",canal24horas,26,04,2019
"0,6%",bemadtv,26,04,2019
"0,5%",ten,26,04,2019
"0,1%",real-madrid-tv,26,04,2019
"12,3%",telecinco,27,04,2019
"11,6%",antena3,27,04,2019
"8,1%",la1,27,04,2019
"6,0%",cuatro,27,04,2019
"5,9%",lasexta,27,04,2019
"2,9%",fdf,27,04,2019
"2,8%",la2,27,04,2019
"2,6%",neox,27,04,2019
"2,6%",energy,27,04,2019
"2,4%",paramountchannel,27,04,2019
"2,1%",clan,27,04,2019
"2,0%",divinity,27,04,2019
"1,9%",13tv,27,04,2019
"1,5%",atreseries,27,04,2019
"1,5%",nova,27,04,2019
"1,4%",mega-espana,27,04,2019
"1,4%",discoverymax,27,04,2019
"1,4%",boing,27,04,2019
"1,2%",disney-channel,27,04,2019
"1,1%",gol-television,27,04,2019
"1,0%",dkiss,27,04,2019
"0,9%",canal24horas,27,04,2019
"0,8%",bemadtv,27,04,2019
"0,7%",teledeporte,27,04,2019
"0,5%",ten,27,04,2019
"0,3%",real-madrid-tv,27,04,2019
"13,8%",lasexta,28,04,2019
"10,0%",la1,28,04,2019
"9,3%",telecinco,28,04,2019
"9,1%",antena3,28,04,2019
"4,5%",cuatro,28,04,2019
"2,6%",energy,28,04,2019
"2,6%",fdf,28,04,2019
"2,4%",canal24horas,28,04,2019
"2,2%",nova,28,04,2019
"2,2%",paramountchannel,28,04,2019
"2,1%",13tv,28,04,2019
"2,1%",neox,28,04,2019
"1,9%",divinity,28,04,2019
"1,9%",la2,28,04,2019
"1,5%",clan,28,04,2019
"1,4%",atreseries,28,04,2019
"1,4%",discoverymax,28,04,2019
"1,3%",mega-espana,28,04,2019
"1,0%",boing,28,04,2019
"0,9%",disney-channel,28,04,2019
"0,9%",gol-television,28,04,2019
"0,7%",bemadtv,28,04,2019
"0,7%",dkiss,28,04,2019
"0,6%",teledeporte,28,04,2019
"0,4%",ten,28,04,2019
"0,3%",real-madrid-tv,28,04,2019
"17,2%",telecinco,29,04,2019
"11,3%",antena3,29,04,2019
"9,0%",lasexta,29,04,2019
"8,8%",la1,29,04,2019
"4,9%",cuatro,29,04,2019
"2,7%",fdf,29,04,2019
"2,6%",la2,29,04,2019
"2,5%",divinity,29,04,2019
"2,4%",nova,29,04,2019
"2,2%",13tv,29,04,2019
"2,2%",neox,29,04,2019
"2,0%",energy,29,04,2019
"1,8%",paramountchannel,29,04,2019
"1,6%",gol-television,29,04,2019
"1,6%",discoverymax,29,04,2019
"1,6%",clan,29,04,2019
"1,4%",mega-espana,29,04,2019
"1,4%",canal24horas,29,04,2019
"1,1%",atreseries,29,04,2019
"0,9%",dkiss,29,04,2019
"0,8%",boing,29,04,2019
"0,6%",disney-channel,29,04,2019
"0,6%",bemadtv,29,04,2019
"0,4%",ten,29,04,2019
"0,3%",teledeporte,29,04,2019
"0,1%",real-madrid-tv,29,04,2019
"13,9%",telecinco,30,04,2019
"11,9%",antena3,30,04,2019
"9,8%",la1,30,04,2019
"8,4%",lasexta,30,04,2019
"8,0%",cuatro,30,04,2019
"2,6%",fdf,30,04,2019
"2,4%",la2,30,04,2019
"2,2%",neox,30,04,2019
"2,2%",divinity,30,04,2019
"2,2%",paramountchannel,30,04,2019
"2,2%",energy,30,04,2019
"2,1%",nova,30,04,2019
"1,9%",13tv,30,04,2019
"1,6%",clan,30,04,2019
"1,5%",discoverymax,30,04,2019
"1,4%",mega-espana,30,04,2019
"1,3%",canal24horas,30,04,2019
"1,1%",atreseries,30,04,2019
"1,0%",boing,30,04,2019
"0,9%",disney-channel,30,04,2019
"0,8%",dkiss,30,04,2019
"0,8%",gol-television,30,04,2019
"0,5%",ten,30,04,2019
"0,4%",bemadtv,30,04,2019
"0,3%",teledeporte,30,04,2019
"0,2%",real-madrid-tv,30,04,2019
